id,name,entityType,layer,familyId,causalIn,causalOut,causalIsolated,modifiable,activeEffectIds,deliveryModalities,derivationInputs,rdsFlags,blockedFields,nativeActionsEventsEffectIds
BIO-001,Sleep Duration,DRIVER,Biological,BIO-F01,2,3,False,High,"[""IE-V1-BIO-F01-001"", ""IE-V1-BIO-F01-003""]","[""DIGITAL_OR_AUTOMATED"", ""HUMAN_DELIVERED"", ""ORGANIZATIONAL_OR_POLICY_PROCESS""]",[],[],[],[]
BIO-002,Sleep Continuity,DRIVER,Biological,BIO-F01,3,1,False,High,"[""IE-V1-BIO-F01-004""]","[""DIGITAL_OR_AUTOMATED"", ""HUMAN_DELIVERED""]",[],[],[],[]
BIO-003,Circadian Timing Alignment,RELATIONAL_DERIVED_STATE,Biological,BIO-F01,0,1,False,Moderate,[],[],"[{""alignmentRequirements"": ""Match analytic level, scope, and time window"", ""entityId"": ""BIO-004"", ""externalParameterType"": null, ""required"": true, ""role"": ""CONSTITUENT_OR_INPUT"", ""unitScaleExpectations"": ""Aligned with derivation logic""}, {""alignmentRequirements"": ""Match analytic level, scope, and time window"", ""entityId"": null, ""externalParameterType"": ""EXTERNAL_TIMING_REQUIREMENTS"", ""required"": true, ""role"": ""CONSTITUENT_OR_INPUT"", ""unitScaleExpectations"": ""Aligned with derivation logic""}]","[""RDS_CAUSAL_SOURCE_REVIEW"", ""STRUCTURAL_RDS_ROOT_REVIEW_NOT_EXECUTION_VIOLATION"", ""NO_PER_RECORD_DERIVATION_VERSION_USE_FROZEN_COMMIT""]",[],[]
BIO-004,Endogenous Circadian Phase,DRIVER,Biological,BIO-F01,0,1,False,Moderate,"[""IE-V1-BIO-F01-005"", ""IE-V1-BIO-F01-006""]","[""HUMAN_DELIVERED"", ""PHYSICAL_ENVIRONMENT""]",[],[],[],[]
BIO-005,Sleep Inertia Severity,DRIVER,Biological,BIO-F01,2,0,False,High,[],[],[],[],[],[]
BIO-006,Chronotype–Schedule Fit,RELATIONAL_DERIVED_STATE,Biological,BIO-F01,0,0,True,Moderate,[],[],"[{""alignmentRequirements"": ""Match analytic level, scope, and time window"", ""entityId"": ""BIO-073"", ""externalParameterType"": null, ""required"": true, ""role"": ""CONSTITUENT_OR_INPUT"", ""unitScaleExpectations"": ""Aligned with derivation logic""}, {""alignmentRequirements"": ""Match analytic level, scope, and time window"", ""entityId"": null, ""externalParameterType"": ""REQUIRED_SCHEDULE"", ""required"": true, ""role"": ""CONSTITUENT_OR_INPUT"", ""unitScaleExpectations"": ""Aligned with derivation logic""}]","[""NO_PER_RECORD_DERIVATION_VERSION_USE_FROZEN_COMMIT""]",[],[]
BIO-007,Physiological Stress Activation,DRIVER,Biological,BIO-F02,1,1,False,Moderate,[],[],[],[],[],[]
BIO-008,Autonomic Arousal,DRIVER,Biological,BIO-F02,2,0,False,Moderate,[],[],[],[],[],[]
BIO-009,Physiological Stress Recovery Rate,DRIVER,Biological,BIO-F02,1,1,False,Moderate,[],[],[],[],[],[]
BIO-010,Allostatic Load,DRIVER,Biological,BIO-F02,1,0,False,Moderate,[],[],[],[],[],[]
BIO-011,Physiological Stress Reactivity,DRIVER,Biological,BIO-F02,0,0,True,Low,[],[],[],[],[],[]
BIO-012,Hunger Intensity,DRIVER,Biological,BIO-F03,0,0,True,High,[],[],[],[],[],[]
BIO-013,Satiety Signal Intensity,DRIVER,Biological,BIO-F03,0,0,True,High,[],[],[],[],[],[]
BIO-014,Thirst Intensity,DRIVER,Biological,BIO-F03,0,0,True,High,[],[],[],[],[],[]
BIO-015,Hydration Status,DRIVER,Biological,BIO-F03,1,1,False,High,[],[],[],[],[],[]
BIO-016,Blood Glucose Availability,DRIVER,Biological,BIO-F03,0,1,False,High,[],[],[],[],[],[]
BIO-017,Nausea Intensity,DRIVER,Biological,BIO-F03,0,0,True,High,[],[],[],[],[],[]
BIO-018,Dyspnea Intensity,DRIVER,Biological,BIO-F03,0,0,True,High,[],[],[],[],[],[]
BIO-019,Visceral Urgency,DRIVER,Biological,BIO-F03,0,0,True,High,[],[],[],[],[],[]
BIO-020,Tissue Oxygen Availability,DRIVER,Biological,BIO-F04,0,1,False,Moderate,[],[],[],[],[],[]
BIO-021,Intermittent Hypoxemia Burden,DRIVER,Biological,BIO-F04,0,0,True,Moderate,[],[],[],[],[],[]
BIO-022,Carbon Dioxide Burden,DRIVER,Biological,BIO-F04,0,0,True,Moderate,[],[],[],[],[],[]
BIO-023,Heat Strain,DRIVER,Biological,BIO-F04,2,0,False,High,[],[],[],[],[],[]
BIO-024,Cold Strain,DRIVER,Biological,BIO-F04,0,0,True,High,[],[],[],[],[],[]
BIO-025,Physical Fatigue,DRIVER,Biological,BIO-F05,1,1,False,High,[],[],[],[],[],[]
BIO-026,Cognitive Fatigue,DRIVER,Biological,BIO-F05,7,1,False,High,[],[],[],[],[],[]
BIO-027,Acute Pain Intensity,DRIVER,Biological,BIO-F05,0,1,False,High,[],[],[],[],[],[]
BIO-028,Persistent Pain Burden,DRIVER,Biological,BIO-F05,0,1,False,Moderate,[],[],[],[],[],[]
BIO-029,Physical Functional Capacity,DRIVER,Biological,BIO-F05,2,0,False,High,[],[],[],[],[],[]
BIO-030,Sickness Response Intensity,DRIVER,Biological,BIO-F06,1,1,False,High,[],[],[],[],[],[]
BIO-031,Systemic Inflammatory Activity,DRIVER,Biological,BIO-F06,0,1,False,Moderate,[],[],[],[],[],[]
BIO-032,Auditory Capacity,DRIVER,Biological,BIO-F07,0,1,False,Moderate,[],[],[],[],[],[]
BIO-033,Visual Capacity,DRIVER,Biological,BIO-F07,0,0,True,Moderate,[],[],[],[],[],[]
BIO-034,Olfactory Capacity,DRIVER,Biological,BIO-F07,0,0,True,Moderate,[],[],[],[],[],[]
BIO-035,Vestibular Stability,DRIVER,Biological,BIO-F07,0,0,True,Moderate,[],[],[],[],[],[]
BIO-036,Somatosensory–Proprioceptive Capacity,DRIVER,Biological,BIO-F07,0,0,True,Moderate,[],[],[],[],[],[]
BIO-037,Tinnitus Burden,DRIVER,Biological,BIO-F07,0,0,True,Moderate,[],[],[],[],[],[]
BIO-038,Nutritional Energy Sufficiency,DRIVER,Biological,BIO-F08,0,0,True,High,[],[],[],[],[],[]
BIO-039,Blood Oxygen-Carrying Capacity,DRIVER,Biological,BIO-F08,1,1,False,Moderate,[],[],[],[],[],[]
BIO-040,Iron Status,DRIVER,Biological,BIO-F08,0,1,False,High,[],[],[],[],[],[]
BIO-041,Vitamin B12 Status,DRIVER,Biological,BIO-F08,0,0,True,High,[],[],[],[],[],[]
BIO-042,Glycemic Regulation,DRIVER,Biological,BIO-F08,0,0,True,Moderate,[],[],[],[],[],[]
BIO-043,Thyroid Hormone Status,DRIVER,Biological,BIO-F09,0,0,True,High,[],[],[],[],[],[]
BIO-044,Pubertal Maturation,DRIVER,Biological,BIO-F09,0,0,True,Low,[],[],[],[],[],[]
BIO-045,Pregnancy-Related Physiological Load,DRIVER,Biological,BIO-F09,0,0,True,Moderate,[],[],[],[],[],[]
BIO-046,Menopausal Transition State,DRIVER,Biological,BIO-F09,0,0,True,Moderate,[],[],[],[],[],[]
BIO-047,Reproductive Hormonal State,DRIVER,Biological,BIO-F09,0,0,True,Low,[],[],[],[],[],[]
BIO-048,Sexual Arousal Intensity,DRIVER,Biological,BIO-F09,0,0,True,High,[],[],[],[],[],[]
BIO-049,Neurodevelopmental Maturity,DRIVER,Biological,BIO-F10,0,0,True,Low,[],[],[],[],[],[]
BIO-050,Biological Aging Burden,DRIVER,Biological,BIO-F10,0,0,True,Low,[],[],[],[],[],[]
BIO-051,Frailty Severity,DRIVER,Biological,BIO-F10,0,0,True,Moderate,[],[],[],[],[],[]
BIO-052,Polygenic Liability Profile,DRIVER,Biological,BIO-F11,0,0,True,Low,[],[],[],[],[],[]
BIO-053,Traumatic Brain Injury Burden,DRIVER,Biological,BIO-F12,0,0,True,Moderate,[],[],[],[],[],[]
BIO-054,Acute Encephalopathy Severity,DRIVER,Biological,BIO-F12,0,0,True,High,[],[],[],[],[],[]
BIO-055,Postictal Impairment Severity,DRIVER,Biological,BIO-F12,0,0,True,High,[],[],[],[],[],[]
BIO-056,Focal Neurological Impairment,DRIVER,Biological,BIO-F12,0,0,True,Moderate,[],[],[],[],[],[]
BIO-057,Neurodegenerative Impairment,DRIVER,Biological,BIO-F12,0,0,True,Moderate,[],[],[],[],[],[]
BIO-058,Alcohol Effect Level,DRIVER,Biological,BIO-F13,0,1,False,High,[],[],[],[],[],[]
BIO-059,THC Effect Level,DRIVER,Biological,BIO-F13,0,0,True,High,[],[],[],[],[],[]
BIO-060,Nicotine Effect Level,DRIVER,Biological,BIO-F13,0,0,True,High,[],[],[],[],[],[]
BIO-061,Caffeine Effect Level,DRIVER,Biological,BIO-F13,0,1,False,High,[],[],[],[],[],[]
BIO-062,Sedative–Hypnotic Effect Level,DRIVER,Biological,BIO-F13,0,1,False,Moderate,[],[],[],[],[],[]
BIO-063,Opioid Effect Level,DRIVER,Biological,BIO-F13,0,0,True,Moderate,[],[],[],[],[],[]
BIO-064,Stimulant Effect Level,DRIVER,Biological,BIO-F13,0,0,True,High,[],[],[],[],[],[]
BIO-065,Nicotine Withdrawal Severity,DRIVER,Biological,BIO-F14,0,1,False,High,[],[],[],[],[],[]
BIO-066,Caffeine Withdrawal Severity,DRIVER,Biological,BIO-F14,0,1,False,High,[],[],[],[],[],[]
BIO-067,Alcohol Withdrawal Severity,DRIVER,Biological,BIO-F14,0,0,True,High,[],[],[],[],[],[]
BIO-068,Cannabis Withdrawal Severity,DRIVER,Biological,BIO-F14,0,0,True,High,[],[],[],[],[],[]
BIO-069,Opioid Withdrawal Severity,DRIVER,Biological,BIO-F14,0,0,True,High,[],[],[],[],[],[]
BIO-070,Medication Cognitive–Sedative Burden,DRIVER,Biological,BIO-F13,0,1,False,Moderate,[],[],[],[],[],[]
BIO-071,Cardiorespiratory Functional Reserve,DRIVER,Biological,BIO-F05,0,0,True,Moderate,[],[],[],[],[],[]
BIO-072,Infectious Pathogen Burden,DRIVER,Biological,BIO-F06,0,0,True,Moderate,[],[],[],[],[],[]
BIO-073,Chronotype,DRIVER,Biological,BIO-F01,0,0,True,,[],[],[],"[""ENTITY_BLOCKED_FIELDS""]","[""mechanism"", ""modifiability"", ""volatility"", ""timeScaleOfChange"", ""onsetCausalLag"", ""persistenceRecovery"", ""measurementAssessmentMethods"", ""observability"", ""evidenceStrength"", ""evidenceNotes"", ""keySources""]",[]
BIO-074,Physiological Sleep Need,DRIVER,Biological,BIO-F01,0,0,True,,[],[],[],"[""ENTITY_BLOCKED_FIELDS""]","[""mechanism"", ""modifiability"", ""volatility"", ""timeScaleOfChange"", ""onsetCausalLag"", ""persistenceRecovery"", ""measurementAssessmentMethods"", ""observability"", ""evidenceStrength"", ""evidenceNotes"", ""keySources""]",[]
CUL-001,Shared Self-Direction Value Prominence,DRIVER,Cultural,CUL-F01,0,0,True,Low,[],[],[],[],[],[]
CUL-002,Shared Stimulation Value Prominence,DRIVER,Cultural,CUL-F01,0,0,True,Low,[],[],[],[],[],[]
CUL-003,Shared Hedonism Value Prominence,DRIVER,Cultural,CUL-F01,0,0,True,Low,[],[],[],[],[],[]
CUL-004,Shared Achievement Value Prominence,DRIVER,Cultural,CUL-F01,0,0,True,Low,[],[],[],[],[],[]
CUL-005,Shared Power Value Prominence,DRIVER,Cultural,CUL-F01,0,0,True,Low,[],[],[],[],[],[]
CUL-006,Shared Security Value Prominence,DRIVER,Cultural,CUL-F01,0,1,False,Low,[],[],[],[],[],[]
CUL-007,Shared Conformity Value Prominence,DRIVER,Cultural,CUL-F01,0,0,True,Low,[],[],[],[],[],[]
CUL-008,Shared Tradition Value Prominence,DRIVER,Cultural,CUL-F01,0,1,False,Low,[],[],[],[],[],[]
CUL-009,Shared Benevolence Value Prominence,DRIVER,Cultural,CUL-F01,0,0,True,Low,[],[],[],[],[],[]
CUL-010,Shared Universalism Value Prominence,DRIVER,Cultural,CUL-F01,0,0,True,Low,[],[],[],[],[],[]
CUL-011,Autonomous Selfhood Model Prevalence,DRIVER,Cultural,CUL-F02,0,0,True,Low,[],[],[],[],[],[]
CUL-012,Interdependent Selfhood Model Prevalence,DRIVER,Cultural,CUL-F02,0,0,True,Low,[],[],[],[],[],[]
CUL-013,Relational Selfhood Model Prevalence,DRIVER,Cultural,CUL-F02,0,0,True,Low,[],[],[],[],[],[]
CUL-014,Collective Selfhood Model Prevalence,DRIVER,Cultural,CUL-F02,0,0,True,Low,[],[],[],[],[],[]
CUL-015,Influence-as-Agency Norm Strength,DRIVER,Cultural,CUL-F02,1,0,False,Low,[],[],[],[],[],[]
CUL-016,Adjustment-as-Agency Norm Strength,DRIVER,Cultural,CUL-F02,0,0,True,Low,[],[],[],[],[],[]
CUL-017,Cultural Tightness,DRIVER,Cultural,CUL-F03,1,1,False,Moderate,[],[],[],[],[],[]
CUL-018,Cultural Deviance Tolerance,DRIVER,Cultural,CUL-F03,1,0,False,Moderate,[],[],[],[],[],[]
CUL-019,Honor Norm Strength,DRIVER,Cultural,CUL-F04,0,2,False,Low,[],[],[],[],[],[]
CUL-020,Face-Preservation Norm Strength,DRIVER,Cultural,CUL-F04,1,1,False,Low,[],[],[],[],[],[]
CUL-021,Dignity Norm Strength,DRIVER,Cultural,CUL-F04,0,0,True,Low,[],[],[],[],[],[]
CUL-022,Prestige Valuation Prominence,DRIVER,Cultural,CUL-F04,1,0,False,Low,[],[],[],[],[],[]
CUL-023,Authority Deference Norm Strength,DRIVER,Cultural,CUL-F04,0,3,False,Low,[],[],[],[],[],[]
CUL-024,Kinship Obligation Strength,DRIVER,Cultural,CUL-F05,0,1,False,Low,[],[],[],[],[],[]
CUL-025,Filial Obligation Strength,DRIVER,Cultural,CUL-F05,0,0,True,Low,[],[],[],[],[],[]
CUL-026,Lineage Loyalty Norm Strength,DRIVER,Cultural,CUL-F05,0,0,True,Low,[],[],[],[],[],[]
CUL-027,Family Obligation Strength,DRIVER,Cultural,CUL-F05,1,1,False,Low,[],[],[],[],[],[]
CUL-028,Conformist Transmission Prevalence,DRIVER,Cultural,CUL-F06,0,1,False,Moderate,[],[],[],[],[],[]
CUL-029,Prestige-Biased Transmission Prevalence,DRIVER,Cultural,CUL-F06,0,1,False,Moderate,[],[],[],[],[],[]
CUL-030,Success-Biased Transmission Prevalence,DRIVER,Cultural,CUL-F06,0,0,True,Moderate,[],[],[],[],[],[]
CUL-031,Vertical Cultural Transmission Prevalence,DRIVER,Cultural,CUL-F06,1,1,False,Moderate,[],[],[],[],[],[]
CUL-032,Elder-Model Transmission Prevalence,DRIVER,Cultural,CUL-F06,0,1,False,Moderate,[],[],[],[],[],[]
CUL-033,Collective Memory Salience,DRIVER,Cultural,CUL-F07,0,1,False,Very Low,[],[],[],[],[],[]
CUL-034,Canonical Narrative Centrality,DRIVER,Cultural,CUL-F07,0,1,False,Very Low,[],[],[],[],[],[]
CUL-035,Historical Grievance Narrative Centrality,DRIVER,Cultural,CUL-F07,1,0,False,Very Low,[],[],[],[],[],[]
CUL-036,Founding Narrative Centrality,DRIVER,Cultural,CUL-F07,0,1,False,Very Low,[],[],[],[],[],[]
CUL-037,Cultural Schema Consensus,DRIVER,Cultural,CUL-F07,2,0,False,Very Low,[],[],[],[],[],[]
CUL-038,Symbolic Boundary Salience,DRIVER,Cultural,CUL-F07,1,1,False,Very Low,[],[],[],[],[],[]
CUL-039,Ritual Participation Expectation,DRIVER,Cultural,CUL-F08,2,0,False,Low,[],[],[],[],[],[]
CUL-040,Ritual Synchronization Degree,DRIVER,Cultural,CUL-F08,0,1,False,Low,[],[],[],[],[],[]
CUL-041,Ritual Participation Cost,DRIVER,Cultural,CUL-F08,0,1,False,Low,[],[],[],[],[],[]
CUL-042,Shared Sacred-Value Commitment Prevalence,DRIVER,Cultural,CUL-F09,0,1,False,Very Low,[],[],[],[],[],[]
CUL-043,Sacred Trade-Off Prohibition Strength,DRIVER,Cultural,CUL-F09,1,2,False,Very Low,[],[],[],[],[],[]
CUL-044,Purity Norm Strength,DRIVER,Cultural,CUL-F09,0,2,False,Very Low,[],[],[],[],[],[]
CUL-045,Taboo Strength,DRIVER,Cultural,CUL-F09,1,0,False,Very Low,[],[],[],[],[],[]
CUL-046,Cultural Moralization Degree,DRIVER,Cultural,CUL-F09,1,0,False,Very Low,[],[],[],[],[],[]
CUL-047,High-Arousal Positive Ideal-Affect Prominence,DRIVER,Cultural,CUL-F10,0,1,False,Moderate,[],[],[],[],[],[]
CUL-048,Low-Arousal Positive Ideal-Affect Prominence,DRIVER,Cultural,CUL-F10,0,0,True,Moderate,[],[],[],[],[],[]
CUL-049,Emotional Display-Rule Strength,DRIVER,Cultural,CUL-F10,0,1,False,Moderate,[],[],[],[],[],[]
CUL-050,Emotional Restraint Norm Strength,DRIVER,Cultural,CUL-F10,1,0,False,Moderate,[],[],[],[],[],[]
CUL-051,Anger Expression Legitimacy,DRIVER,Cultural,CUL-F10,1,0,False,Moderate,[],[],[],[],[],[]
CUL-052,Contextual Attention Convention Prevalence,DRIVER,Cultural,CUL-F11,0,1,False,Low,[],[],[],[],[],[]
CUL-053,Object-Focused Attention Convention Prevalence,DRIVER,Cultural,CUL-F11,0,0,True,Low,[],[],[],[],[],[]
CUL-054,Dialectical Reasoning Convention Prevalence,DRIVER,Cultural,CUL-F11,0,1,False,Low,[],[],[],[],[],[]
CUL-055,Contextual Causal-Explanation Convention,DRIVER,Cultural,CUL-F11,1,0,False,Low,[],[],[],[],[],[]
CUL-056,Tradition-Based Epistemic Authority,DRIVER,Cultural,CUL-F11,1,1,False,Low,[],[],[],[],[],[]
CUL-057,Communication Directness Convention,DRIVER,Cultural,CUL-F12,2,1,False,Moderate,[],[],[],[],[],[]
CUL-058,Politeness Convention Strength,DRIVER,Cultural,CUL-F12,0,1,False,Moderate,[],[],[],[],[],[]
CUL-059,Honorific Use Norm Strength,DRIVER,Cultural,CUL-F12,1,0,False,Moderate,[],[],[],[],[],[]
CUL-060,Euphemism Use Norm Strength,DRIVER,Cultural,CUL-F12,1,1,False,Moderate,[],[],[],[],[],[]
CUL-061,Cultural Norm Entrenchment,DRIVER,Cultural,CUL-F03,4,2,False,Low,[],[],[],[],[],[]
CUL-062,Normative Scope Breadth,DRIVER,Cultural,CUL-F03,0,0,True,Moderate,[],[],[],[],[],[]
CUL-063,Tradition Continuity Norm Strength,DRIVER,Cultural,CUL-F03,3,0,False,Low,[],[],[],[],[],[]
CUL-064,Corruption Tolerance Norm Strength,DRIVER,Cultural,CUL-F03,0,1,False,Moderate,[],[],[],[],[],[]
CUL-065,Reputation-Defense Obligation Strength,DRIVER,Cultural,CUL-F04,1,0,False,Moderate,[],[],[],[],[],[]
CUL-066,Hospitality Obligation Strength,DRIVER,Cultural,CUL-F05,0,0,True,Low,[],[],[],[],[],[]
CUL-067,Communal Resource-Sharing Obligation,DRIVER,Cultural,CUL-F05,1,0,False,Low,[],[],[],[],[],[]
CUL-068,Gender-Role Prescriptiveness,DRIVER,Cultural,CUL-F05,0,0,True,Low,[],[],[],[],[],[]
CUL-069,Cultural Transmission Fidelity,DRIVER,Cultural,CUL-F06,0,1,False,Moderate,[],[],[],[],[],[]
CUL-070,Heroic Narrative Centrality,DRIVER,Cultural,CUL-F07,0,1,False,Low,[],[],[],[],[],[]
CUL-071,National-Destiny Narrative Centrality,DRIVER,Cultural,CUL-F07,0,0,True,Low,[],[],[],[],[],[]
CUL-072,Symbolic Meaning Consensus,DRIVER,Cultural,CUL-F07,0,1,False,Low,[],[],[],[],[],[]
CUL-073,Ritual Significance,DRIVER,Cultural,CUL-F08,0,1,False,Low,[],[],[],[],[],[]
CUL-074,Customary Practice Entrenchment,DRIVER,Cultural,CUL-F08,0,0,True,Low,[],[],[],[],[],[]
CUL-075,Sacred Boundary Rigidity,DRIVER,Cultural,CUL-F09,0,0,True,Very Low,[],[],[],[],[],[]
CUL-076,Shame-Regulation Norm Strength,DRIVER,Cultural,CUL-F10,0,2,False,Moderate,[],[],[],[],[],[]
CUL-077,Authority-Based Knowledge Legitimacy,DRIVER,Cultural,CUL-F11,1,1,False,Low,[],[],[],[],[],[]
CUL-078,Collective Future Orientation,DRIVER,Cultural,CUL-F11,0,1,False,Low,[],[],[],[],[],[]
CUL-079,Fatalistic Worldview Prevalence,DRIVER,Cultural,CUL-F11,0,1,False,Low,[],[],[],[],[],[]
CUL-080,Silence Appropriateness Norm,DRIVER,Cultural,CUL-F12,0,1,False,Moderate,[],[],[],[],[],[]
CUL-081,Communication Explicitness Convention,DRIVER,Cultural,CUL-F12,1,0,False,Moderate,[],[],[],[],[],[]
CUL-082,Collective Identity Narrative Centrality,DRIVER,Cultural,CUL-F13,1,2,False,Low,[],[],[],[],[],[]
CUL-083,Cultural Prototype Consensus,DRIVER,Cultural,CUL-F13,1,1,False,Low,[],[],[],[],[],[]
CUL-084,Cultural Boundary Rigidity,DRIVER,Cultural,CUL-F13,3,0,False,Low,[],[],[],[],[],[]
CUL-085,Assimilation Expectation Strength,DRIVER,Cultural,CUL-F13,0,2,False,Moderate,[],[],[],[],[],[]
CUL-086,Multicultural Accommodation Norm Strength,DRIVER,Cultural,CUL-F13,1,1,False,Moderate,[],[],[],[],[],[]
CUL-087,Heritage Continuity Norm Strength,DRIVER,Cultural,CUL-F13,3,1,False,Low,[],[],[],[],[],[]
CUL-088,Generational Cultural Distance,RELATIONAL_DERIVED_STATE,Cultural,CUL-F13,0,1,False,Moderate,[],[],"[{""alignmentRequirements"": ""Match analytic level, scope, and time window"", ""entityId"": null, ""externalParameterType"": ""GENERATION_A_CULTURAL_PROFILE"", ""required"": true, ""role"": ""CONSTITUENT_OR_INPUT"", ""unitScaleExpectations"": ""Aligned with derivation logic""}, {""alignmentRequirements"": ""Match analytic level, scope, and time window"", ""entityId"": null, ""externalParameterType"": ""GENERATION_B_CULTURAL_PROFILE"", ""required"": true, ""role"": ""CONSTITUENT_OR_INPUT"", ""unitScaleExpectations"": ""Aligned with derivation logic""}]","[""RDS_CAUSAL_SOURCE_REVIEW"", ""STRUCTURAL_RDS_ROOT_REVIEW_NOT_EXECUTION_VIOLATION"", ""NO_PER_RECORD_DERIVATION_VERSION_USE_FROZEN_COMMIT""]",[],[]
CUL-089,Violence-Legitimacy Norm Strength,DRIVER,Cultural,CUL-F09,0,0,True,Moderate,[],[],[],[],[],[]
CUL-090,Reconciliation and Forgiveness Norm Strength,DRIVER,Cultural,CUL-F13,0,0,True,Moderate,[],[],[],[],[],[]
CUL-091,Civic-Duty Norm Strength,DRIVER,Cultural,CUL-F01,0,0,True,Moderate,[],[],[],[],[],[]
ENV-001,Destination Proximity,DRIVER,Physical / Environmental,ENV-F01,0,1,False,Low,[],[],[],[],[],[]
ENV-002,Travel Distance,DRIVER,Physical / Environmental,ENV-F01,2,0,False,Low,[],[],[],[],[],[]
ENV-003,Route Directness,DRIVER,Physical / Environmental,ENV-F01,1,0,False,Low,[],[],[],[],[],[]
ENV-004,Street and Path Connectivity,DRIVER,Physical / Environmental,ENV-F01,0,1,False,Low,[],[],[],[],[],[]
ENV-005,Destination Density,DRIVER,Physical / Environmental,ENV-F01,0,0,True,Low,[],[],[],[],[],[]
ENV-006,Land-Use Mix,DRIVER,Physical / Environmental,ENV-F01,0,0,True,Low,[],[],[],[],[],[]
ENV-007,Geographic Remoteness,DRIVER,Physical / Environmental,ENV-F01,0,0,True,Low,[],[],[],[],[],[]
ENV-008,Barrier-Free Physical Accessibility,DRIVER,Physical / Environmental,ENV-F01,2,0,False,Low,[],[],[],[],[],[]
ENV-009,Sidewalk Continuity and Quality,DRIVER,Physical / Environmental,ENV-F02,0,1,False,Low,[],[],[],[],[],[]
ENV-010,Pedestrian Crossing Safety,DRIVER,Physical / Environmental,ENV-F02,0,0,True,Low,[],[],[],[],[],[]
ENV-011,Cycling Infrastructure Availability,DRIVER,Physical / Environmental,ENV-F02,0,0,True,Low,[],[],[],[],[],[]
ENV-012,Public-Transport Stop Accessibility,DRIVER,Physical / Environmental,ENV-F02,0,0,True,Low,[],[],[],[],[],[]
ENV-013,Parking Availability and Proximity,DRIVER,Physical / Environmental,ENV-F02,0,0,True,Low,[],[],[],[],[],[]
ENV-014,Traffic Volume,DRIVER,Physical / Environmental,ENV-F02,0,1,False,Low,[],[],[],[],[],[]
ENV-015,Traffic Speed,DRIVER,Physical / Environmental,ENV-F02,0,1,False,Low,[],[],[],[],[],[]
ENV-016,Road Congestion Level,DRIVER,Physical / Environmental,ENV-F02,0,1,False,Low,[],[],[],[],[],[]
ENV-017,Travel-Time Delay,DRIVER,Physical / Environmental,ENV-F02,2,0,False,Low,[],[],[],[],[],[]
ENV-018,Internal Layout Complexity,DRIVER,Physical / Environmental,ENV-F03,0,1,False,Low,[],[],[],[],[],[]
ENV-019,Sightline Visibility,DRIVER,Physical / Environmental,ENV-F03,0,1,False,Low,[],[],[],[],[],[]
ENV-020,Entrance Placement and Physical Permeability,DRIVER,Physical / Environmental,ENV-F03,1,0,False,Low,[],[],[],[],[],[]
ENV-021,Exit Placement and Distribution,DRIVER,Physical / Environmental,ENV-F03,0,0,True,Low,[],[],[],[],[],[]
ENV-022,Vertical-Circulation Placement,DRIVER,Physical / Environmental,ENV-F03,0,1,False,Low,[],[],[],[],[],[]
ENV-023,Seating and Furniture Arrangement,DRIVER,Physical / Environmental,ENV-F03,0,0,True,Low,[],[],[],[],[],[]
ENV-024,Workspace Openness,DRIVER,Physical / Environmental,ENV-F03,0,0,True,Low,[],[],[],[],[],[]
ENV-025,Spatial Enclosure,DRIVER,Physical / Environmental,ENV-F03,0,0,True,Low,[],[],[],[],[],[]
ENV-026,Wayfinding Signage Placement,DRIVER,Physical / Environmental,ENV-F04,0,0,True,Low,[],[],[],[],[],[]
ENV-027,Physical Landmark Salience,DRIVER,Physical / Environmental,ENV-F04,0,0,True,Low,[],[],[],[],[],[]
ENV-028,Environmental Legibility,DRIVER,Physical / Environmental,ENV-F04,1,0,False,Low,[],[],[],[],[],[]
ENV-029,Option Visibility,DRIVER,Physical / Environmental,ENV-F04,0,0,True,Low,[],[],[],[],[],[]
ENV-030,Option Proximity and Placement,DRIVER,Physical / Environmental,ENV-F04,1,0,False,Low,[],[],[],[],[],[]
ENV-031,Physical Option Availability,DRIVER,Physical / Environmental,ENV-F04,1,0,False,Low,[],[],[],[],[],[]
ENV-032,Physical Access-Barrier Magnitude,DRIVER,Physical / Environmental,ENV-F04,0,0,True,Low,[],[],[],[],[],[]
ENV-033,Objective Occupancy Density,DRIVER,Physical / Environmental,ENV-F05,0,1,False,Low,[],[],[],[],[],[]
ENV-034,Interpersonal Physical Proximity,DRIVER,Physical / Environmental,ENV-F05,0,0,True,Low,[],[],[],[],[],[]
ENV-035,Acoustic Privacy,DRIVER,Physical / Environmental,ENV-F05,0,0,True,Low,[],[],[],[],[],[]
ENV-036,Visual Privacy,DRIVER,Physical / Environmental,ENV-F05,0,0,True,Low,[],[],[],[],[],[]
ENV-037,Queue Length and Waiting-Space Density,DRIVER,Physical / Environmental,ENV-F05,1,0,False,Low,[],[],[],[],[],[]
ENV-038,Bottleneck Flow Constraint,DRIVER,Physical / Environmental,ENV-F05,0,1,False,Low,[],[],[],[],[],[]
ENV-039,Ambient Noise Level,DRIVER,Physical / Environmental,ENV-F06,1,3,False,Moderate,[],[],[],[],[],[]
ENV-040,Speech Intelligibility,DRIVER,Physical / Environmental,ENV-F06,1,0,False,Moderate,[],[],[],[],[],[]
ENV-041,Noise Intermittency,DRIVER,Physical / Environmental,ENV-F06,0,2,False,Moderate,[],[],[],[],[],[]
ENV-042,Illuminance,DRIVER,Physical / Environmental,ENV-F06,2,1,False,Moderate,[],[],[],[],[],[]
ENV-043,Daylight Availability,DRIVER,Physical / Environmental,ENV-F06,0,1,False,Moderate,[],[],[],[],[],[]
ENV-044,Light Spectral Composition,DRIVER,Physical / Environmental,ENV-F06,0,0,True,Moderate,[],[],[],[],[],[]
ENV-045,Glare Intensity,DRIVER,Physical / Environmental,ENV-F06,1,0,False,Moderate,[],[],[],[],[],[]
ENV-046,Visual Clutter,DRIVER,Physical / Environmental,ENV-F06,0,0,True,Moderate,[],[],[],[],[],[]
ENV-047,Ambient Heat Exposure,DRIVER,Physical / Environmental,ENV-F07,2,2,False,Moderate,[],[],[],[],[],[]
ENV-048,Ambient Cold Exposure,DRIVER,Physical / Environmental,ENV-F07,0,0,True,Moderate,[],[],[],[],[],[]
ENV-049,Thermal Variability,DRIVER,Physical / Environmental,ENV-F07,1,0,False,Moderate,[],[],[],[],[],[]
ENV-050,Relative Humidity,DRIVER,Physical / Environmental,ENV-F07,0,0,True,Moderate,[],[],[],[],[],[]
ENV-051,Precipitation Intensity,DRIVER,Physical / Environmental,ENV-F07,0,0,True,Moderate,[],[],[],[],[],[]
ENV-052,Wind Exposure,DRIVER,Physical / Environmental,ENV-F07,0,0,True,Moderate,[],[],[],[],[],[]
ENV-053,Daylight Duration,DRIVER,Physical / Environmental,ENV-F07,0,0,True,Moderate,[],[],[],[],[],[]
ENV-054,Severe-Weather Intensity,DRIVER,Physical / Environmental,ENV-F07,0,0,True,Moderate,[],[],[],[],[],[]
ENV-055,Ventilation Rate,DRIVER,Physical / Environmental,ENV-F08,0,2,False,Low,[],[],[],[],[],[]
ENV-056,Indoor Carbon-Dioxide Concentration,DRIVER,Physical / Environmental,ENV-F08,1,0,False,Low,[],[],[],[],[],[]
ENV-057,Particulate-Matter Concentration,DRIVER,Physical / Environmental,ENV-F08,1,0,False,Low,[],[],[],[],[],[]
ENV-058,Nitrogen Oxides Concentration,DRIVER,Physical / Environmental,ENV-F08,0,0,True,Low,[],[],[],[],[],[]
ENV-059,Ozone Concentration,DRIVER,Physical / Environmental,ENV-F08,0,0,True,Low,[],[],[],[],[],[]
ENV-060,Volatile Organic Compound Concentration,DRIVER,Physical / Environmental,ENV-F08,1,0,False,Low,[],[],[],[],[],[]
ENV-061,Toxic Chemical Concentration,DRIVER,Physical / Environmental,ENV-F08,0,0,True,Low,[],[],[],[],[],[]
ENV-062,Malodor Intensity,DRIVER,Physical / Environmental,ENV-F08,0,0,True,Low,[],[],[],[],[],[]
ENV-063,Environmental Cleanliness,DRIVER,Physical / Environmental,ENV-F08,0,0,True,Low,[],[],[],[],[],[]
ENV-064,Indoor Dampness Level,DRIVER,Physical / Environmental,ENV-F08,0,1,False,Low,[],[],[],[],[],[]
ENV-065,Mould and Allergen Load,DRIVER,Physical / Environmental,ENV-F08,1,0,False,Low,[],[],[],[],[],[]
ENV-066,Green-Space Availability,DRIVER,Physical / Environmental,ENV-F09,0,1,False,Low,[],[],[],[],[],[]
ENV-067,Green-Space Accessibility,DRIVER,Physical / Environmental,ENV-F09,1,0,False,Low,[],[],[],[],[],[]
ENV-068,Green-Space Quality,DRIVER,Physical / Environmental,ENV-F09,1,0,False,Low,[],[],[],[],[],[]
ENV-069,Vegetation and Tree-Canopy Coverage,DRIVER,Physical / Environmental,ENV-F09,0,1,False,Low,[],[],[],[],[],[]
ENV-070,Natural-View Availability,DRIVER,Physical / Environmental,ENV-F09,0,0,True,Low,[],[],[],[],[],[]
ENV-071,Blue-Space Exposure,DRIVER,Physical / Environmental,ENV-F09,0,0,True,Low,[],[],[],[],[],[]
ENV-072,Biodiversity and Natural Complexity,DRIVER,Physical / Environmental,ENV-F09,0,0,True,Low,[],[],[],[],[],[]
ENV-073,Nature-Exposure Dose,DRIVER,Physical / Environmental,ENV-F09,0,0,True,Low,[],[],[],[],[],[]
ENV-074,Public-Space Illumination,DRIVER,Physical / Environmental,ENV-F11,0,0,True,Low,[],[],[],[],[],[]
ENV-075,Passive Visual Observability,DRIVER,Physical / Environmental,ENV-F11,0,0,True,Low,[],[],[],[],[],[]
ENV-076,Physical Access-Control Strength,DRIVER,Physical / Environmental,ENV-F11,0,1,False,Low,[],[],[],[],[],[]
ENV-077,Hazard Proximity,DRIVER,Physical / Environmental,ENV-F11,0,1,False,Low,[],[],[],[],[],[]
ENV-078,Exit Visibility,DRIVER,Physical / Environmental,ENV-F11,1,0,False,Low,[],[],[],[],[],[]
ENV-079,Evacuation-Route Accessibility,DRIVER,Physical / Environmental,ENV-F11,2,0,False,Low,[],[],[],[],[],[]
ENV-080,Protective-Shelter Availability,DRIVER,Physical / Environmental,ENV-F11,2,0,False,Low,[],[],[],[],[],[]
ENV-081,Road-User Hazard Exposure,DRIVER,Physical / Environmental,ENV-F11,2,0,False,Low,[],[],[],[],[],[]
ENV-082,Food Availability,DRIVER,Physical / Environmental,ENV-F12,0,0,True,Moderate,[],[],[],[],[],[]
ENV-083,Potable-Water Availability,DRIVER,Physical / Environmental,ENV-F12,1,1,False,Moderate,[],[],[],[],[],[]
ENV-084,Sanitation-Facility Availability,DRIVER,Physical / Environmental,ENV-F12,0,0,True,Moderate,[],[],[],[],[],[]
ENV-085,Housing Physical Quality,DRIVER,Physical / Environmental,ENV-F12,0,0,True,Moderate,[],[],[],[],[],[]
ENV-086,Tool and Equipment Availability,DRIVER,Physical / Environmental,ENV-F12,0,0,True,Moderate,[],[],[],[],[],[]
ENV-087,Point-of-Use Resource Proximity,DRIVER,Physical / Environmental,ENV-F12,0,1,False,Moderate,[],[],[],[],[],[]
ENV-088,Electricity Availability,DRIVER,Physical / Environmental,ENV-F12,1,1,False,Moderate,[],[],[],[],[],[]
ENV-089,Physical Infrastructure Functionality,DRIVER,Physical / Environmental,ENV-F13,1,3,False,Low,[],[],[],[],[],[]
ENV-090,Transport-Route Blockage,DRIVER,Physical / Environmental,ENV-F13,3,1,False,Low,[],[],[],[],[],[]
ENV-091,Debris Obstruction,DRIVER,Physical / Environmental,ENV-F13,0,1,False,Low,[],[],[],[],[],[]
ENV-092,Route Redundancy,DRIVER,Physical / Environmental,ENV-F02,0,1,False,Low,[],[],[],[],[],[]
ENV-093,Ambient Vibration Level,DRIVER,Physical / Environmental,ENV-F06,0,0,True,Moderate,[],[],[],[],[],[]
ENV-094,Solar Radiant-Heat Load,DRIVER,Physical / Environmental,ENV-F07,0,1,False,Moderate,[],[],[],[],[],[]
ENV-095,Ionizing-Radiation Exposure Level,DRIVER,Physical / Environmental,ENV-F08,0,0,True,Low,[],[],[],[],[],[]
ENV-096,Wildfire-Smoke Concentration,DRIVER,Physical / Environmental,ENV-F08,0,1,False,Low,[],[],[],[],[],[]
ENV-097,Terrain Slope,DRIVER,Physical / Environmental,ENV-F10,0,1,False,Low,[],[],[],[],[],[]
ENV-098,Terrain Ruggedness,DRIVER,Physical / Environmental,ENV-F10,0,1,False,Low,[],[],[],[],[],[]
ENV-099,Environmental Oxygen Availability,DRIVER,Physical / Environmental,ENV-F10,0,1,False,Low,[],[],[],[],[],[]
ENV-100,Water-Barrier Permeability,DRIVER,Physical / Environmental,ENV-F10,0,0,True,Low,[],[],[],[],[],[]
ENV-101,Flood Depth and Extent,DRIVER,Physical / Environmental,ENV-F11,0,1,False,Low,[],[],[],[],[],[]
ENV-102,Wildfire Proximity and Intensity,DRIVER,Physical / Environmental,ENV-F11,0,1,False,Low,[],[],[],[],[],[]
ENV-103,Structural Integrity,DRIVER,Physical / Environmental,ENV-F11,0,1,False,Low,[],[],[],[],[],[]
ENV-104,Medical Material Availability,DRIVER,Physical / Environmental,ENV-F12,0,0,True,Moderate,[],[],[],[],[],[]
ENV-105,Fuel Availability,DRIVER,Physical / Environmental,ENV-F12,0,1,False,Moderate,[],[],[],[],[],[]
ENV-106,Pathogen Exposure Intensity,DRIVER,Physical / Environmental,ENV-F08,0,0,True,Moderate,[],[],[],[],[],[]
ENV-107,Potable-Water Contamination Level,DRIVER,Physical / Environmental,ENV-F08,0,0,True,Moderate,[],[],[],[],[],[]
ENV-108,Critical Utility Redundancy,DRIVER,Physical / Environmental,ENV-F13,0,0,True,Moderate,[],[],[],[],[],[]
ENV-109,Essential Supply Continuity,DRIVER,Physical / Environmental,ENV-F12,1,1,False,Moderate,[],[],[],[],[],[]
INF-001,Exposure Duration,DRIVER,Informational,INF-F01,0,1,False,High,[],[],[],[],[],[]
INF-002,Information Availability,DRIVER,Informational,INF-F01,1,1,False,High,[],[],[],[],[],[]
INF-003,Information Recency,DRIVER,Informational,INF-F01,0,0,True,High,[],[],[],[],[],[]
INF-004,Information-Item Prominence,RELATIONAL_DERIVED_STATE,Informational,INF-F01,2,1,False,High,[],[],"[{""alignmentRequirements"": ""Match analytic level, scope, and time window"", ""entityId"": null, ""externalParameterType"": ""FOCAL_INFORMATION_ITEM"", ""required"": true, ""role"": ""CONSTITUENT_OR_INPUT"", ""unitScaleExpectations"": ""Aligned with derivation logic""}, {""alignmentRequirements"": ""Match analytic level, scope, and time window"", ""entityId"": null, ""externalParameterType"": ""COMPETING_INFORMATION"", ""required"": true, ""role"": ""CONSTITUENT_OR_INPUT"", ""unitScaleExpectations"": ""Aligned with derivation logic""}, {""alignmentRequirements"": ""Match analytic level, scope, and time window"", ""entityId"": null, ""externalParameterType"": ""CHANNEL_CONFIGURATION"", ""required"": true, ""role"": ""CONSTITUENT_OR_INPUT"", ""unitScaleExpectations"": ""Aligned with derivation logic""}]","[""RDS_CAUSAL_SOURCE_REVIEW"", ""NO_PER_RECORD_DERIVATION_VERSION_USE_FROZEN_COMMIT""]",[],[]
INF-005,Prompt Cue Presence,DRIVER,Informational,INF-F01,1,0,False,High,[],[],[],[],[],[]
INF-006,Information Arrival Rate,DRIVER,Informational,INF-F02,1,1,False,High,[],[],[],[],[],[]
INF-007,Information Density,DRIVER,Informational,INF-F02,0,0,True,High,[],[],[],[],[],[]
INF-008,Information Volume Relative to Exposure Window,DRIVER,Informational,INF-F02,2,0,False,High,[],[],[],[],[],[]
INF-009,Message Length,DRIVER,Informational,INF-F02,0,1,False,High,[],[],[],[],[],[]
INF-010,Decision-Relevant Information Completeness,RELATIONAL_DERIVED_STATE,Informational,INF-F03,1,1,False,High,[],[],"[{""alignmentRequirements"": ""Match analytic level, scope, and time window"", ""entityId"": null, ""externalParameterType"": ""PRESENT_INFORMATION"", ""required"": true, ""role"": ""CONSTITUENT_OR_INPUT"", ""unitScaleExpectations"": ""Aligned with derivation logic""}, {""alignmentRequirements"": ""Match analytic level, scope, and time window"", ""entityId"": null, ""externalParameterType"": ""DECISION_INFORMATION_REQUIREMENT_SET"", ""required"": true, ""role"": ""CONSTITUENT_OR_INPUT"", ""unitScaleExpectations"": ""Aligned with derivation logic""}]","[""RDS_CAUSAL_SOURCE_REVIEW"", ""NO_PER_RECORD_DERIVATION_VERSION_USE_FROZEN_COMMIT""]",[],[]
INF-011,Information-Set Contradiction,RELATIONAL_DERIVED_STATE,Informational,INF-F03,0,1,False,High,[],[],"[{""alignmentRequirements"": ""Match analytic level, scope, and time window"", ""entityId"": null, ""externalParameterType"": ""CLAIM_SET"", ""required"": true, ""role"": ""CONSTITUENT_OR_INPUT"", ""unitScaleExpectations"": ""Aligned with derivation logic""}, {""alignmentRequirements"": ""Match analytic level, scope, and time window"", ""entityId"": null, ""externalParameterType"": ""CONTRADICTION_RULE"", ""required"": true, ""role"": ""CONSTITUENT_OR_INPUT"", ""unitScaleExpectations"": ""Aligned with derivation logic""}]","[""RDS_CAUSAL_SOURCE_REVIEW"", ""STRUCTURAL_RDS_ROOT_REVIEW_NOT_EXECUTION_VIOLATION"", ""NO_PER_RECORD_DERIVATION_VERSION_USE_FROZEN_COMMIT""]",[],[]
INF-012,Message Ambiguity,DRIVER,Informational,INF-F03,3,1,False,High,[],[],[],[],[],[]
INF-013,Message Conceptual Complexity,DRIVER,Informational,INF-F03,0,1,False,High,[],[],[],[],[],[]
INF-014,Message–Audience Readability,RELATIONAL_DERIVED_STATE,Informational,INF-F03,2,0,False,High,[],[],"[{""alignmentRequirements"": ""Match analytic level, scope, and time window"", ""entityId"": ""INF-077"", ""externalParameterType"": null, ""required"": true, ""role"": ""CONSTITUENT_OR_INPUT"", ""unitScaleExpectations"": ""Aligned with derivation logic""}, {""alignmentRequirements"": ""Match analytic level, scope, and time window"", ""entityId"": ""INF-053"", ""externalParameterType"": null, ""required"": true, ""role"": ""CONSTITUENT_OR_INPUT"", ""unitScaleExpectations"": ""Aligned with derivation logic""}, {""alignmentRequirements"": ""Match analytic level, scope, and time window"", ""entityId"": null, ""externalParameterType"": ""MESSAGE_REPRESENTATION"", ""required"": true, ""role"": ""CONSTITUENT_OR_INPUT"", ""unitScaleExpectations"": ""Aligned with derivation logic""}, {""alignmentRequirements"": ""Match analytic level, scope, and time window"", ""entityId"": null, ""externalParameterType"": ""AUDIENCE_READING_CAPABILITY"", ""required"": true, ""role"": ""CONSTITUENT_OR_INPUT"", ""unitScaleExpectations"": ""Aligned with derivation logic""}, {""alignmentRequirements"": ""Match analytic level, scope, and time window"", ""entityId"": null, ""externalParameterType"": ""AUDIENCE_PRIOR_KNOWLEDGE"", ""required"": true, ""role"": ""CONSTITUENT_OR_INPUT"", ""unitScaleExpectations"": ""Aligned with derivation logic""}]","[""NO_PER_RECORD_DERIVATION_VERSION_USE_FROZEN_COMMIT""]",[],[]
INF-015,Claim Uncertainty Disclosure,DRIVER,Informational,INF-F03,1,2,False,High,[],[],[],[],[],[]
INF-016,Attribute Framing,DRIVER,Informational,INF-F04,0,0,True,Very High,[],[],[],[],[],[]
INF-017,Gain–Loss Framing,DRIVER,Informational,INF-F04,0,1,False,Very High,[],[],[],[],[],[]
INF-018,Information Sequence,DRIVER,Informational,INF-F04,0,0,True,Very High,[],[],[],[],[],[]
INF-019,Metaphorical Framing,DRIVER,Informational,INF-F04,1,1,False,Very High,[],[],[],[],[],[]
INF-020,Risk-Presentation Format,DRIVER,Informational,INF-F04,0,0,True,Very High,[],[],[],[],[],[]
INF-021,Visual Representation Format,DRIVER,Informational,INF-F04,0,0,True,Very High,[],[],[],[],[],[]
INF-022,Argument Logical Strength,DRIVER,Informational,INF-F05,1,0,False,Moderate,[],[],[],[],[],[]
INF-023,Causal-Explanation Depth,DRIVER,Informational,INF-F05,0,0,True,Moderate,[],[],[],[],[],[]
INF-024,Citation Traceability,DRIVER,Informational,INF-F05,0,1,False,Moderate,[],[],[],[],[],[]
INF-025,Counterargument Inclusion,DRIVER,Informational,INF-F05,0,1,False,Moderate,[],[],[],[],[],[]
INF-026,Evidence Amount,DRIVER,Informational,INF-F05,0,0,True,Moderate,[],[],[],[],[],[]
INF-027,Evidence Quality,DRIVER,Informational,INF-F05,0,2,False,Moderate,[],[],[],[],[],[]
INF-028,Quantitative Evidence Presence,DRIVER,Informational,INF-F05,0,0,True,Moderate,[],[],[],[],[],[]
INF-029,Refutation Strength,DRIVER,Informational,INF-F05,1,0,False,Moderate,[],[],[],[],[],[]
INF-030,Conflict-of-Interest Disclosure,DRIVER,Informational,INF-F06,0,1,False,High,[],[],[],[],[],[]
INF-031,Evidence-Process Transparency,DRIVER,Informational,INF-F06,1,0,False,High,[],[],[],[],[],[]
INF-032,Expertise Credential Evidence,DRIVER,Informational,INF-F06,0,0,True,High,[],[],[],[],[],[]
INF-033,Methodological & Applicability Limitation Disclosure,DRIVER,Informational,INF-F06,0,0,True,High,[],[],[],[],[],[]
INF-034,Provenance Traceability,DRIVER,Informational,INF-F06,2,1,False,High,[],[],[],[],[],[]
INF-035,Source Identity Disclosure,DRIVER,Informational,INF-F06,0,1,False,High,[],[],[],[],[],[]
INF-036,Source Motive Disclosure,DRIVER,Informational,INF-F06,1,0,False,High,[],[],[],[],[],[]
INF-037,Source Track-Record Information,DRIVER,Informational,INF-F06,0,0,True,High,[],[],[],[],[],[]
INF-038,Third-Party Reliability Rating,DRIVER,Informational,INF-F06,0,0,True,High,[],[],[],[],[],[]
INF-039,Correction Delay,DRIVER,Informational,INF-F07,0,1,False,Moderate,[],[],[],[],[],[]
INF-040,Cross-Source Consistency,DRIVER,Informational,INF-F07,1,0,False,Moderate,[],[],[],[],[],[]
INF-041,Message Exposure Frequency,DRIVER,Informational,INF-F07,3,2,False,Moderate,[],[],[],[],[],[]
INF-042,Repetition Spacing,DRIVER,Informational,INF-F07,0,1,False,Moderate,[],[],[],[],[],[]
INF-043,Source Independence,DRIVER,Informational,INF-F07,0,1,False,Moderate,[],[],[],[],[],[]
INF-044,Content Emotional Intensity,DRIVER,Informational,INF-F08,0,2,False,High,[],[],[],[],[],[]
INF-045,Content Emotional Valence,DRIVER,Informational,INF-F08,0,0,True,High,[],[],[],[],[],[]
INF-046,Content Vividness,DRIVER,Informational,INF-F08,1,0,False,High,[],[],[],[],[],[]
INF-047,Identifiable-Case Evidence,DRIVER,Informational,INF-F08,0,0,True,High,[],[],[],[],[],[]
INF-048,Narrative Causal Structure,DRIVER,Informational,INF-F08,0,1,False,High,[],[],[],[],[],[]
INF-049,Narrative Coherence,DRIVER,Informational,INF-F08,1,1,False,High,[],[],[],[],[],[]
INF-050,Narrative Evidence Presence,DRIVER,Informational,INF-F08,1,0,False,High,[],[],[],[],[],[]
INF-051,Warning-Label Content,DRIVER,Informational,INF-F08,1,0,False,High,[],[],[],[],[],[]
INF-052,Cultural-Context Match,DRIVER,Informational,INF-F09,0,0,True,High,[],[],[],[],[],[]
INF-053,Message–Audience Language Accessibility,RELATIONAL_DERIVED_STATE,Informational,INF-F09,0,0,True,High,[],[],"[{""alignmentRequirements"": ""Match analytic level, scope, and time window"", ""entityId"": null, ""externalParameterType"": ""MESSAGE_LANGUAGE_PROFILE"", ""required"": true, ""role"": ""CONSTITUENT_OR_INPUT"", ""unitScaleExpectations"": ""Aligned with derivation logic""}, {""alignmentRequirements"": ""Match analytic level, scope, and time window"", ""entityId"": null, ""externalParameterType"": ""AUDIENCE_LANGUAGE_PROFICIENCY"", ""required"": true, ""role"": ""CONSTITUENT_OR_INPUT"", ""unitScaleExpectations"": ""Aligned with derivation logic""}]","[""NO_PER_RECORD_DERIVATION_VERSION_USE_FROZEN_COMMIT""]",[],[]
INF-054,Local Specificity,DRIVER,Informational,INF-F09,1,0,False,High,[],[],[],[],[],[]
INF-055,Message Personalization,DRIVER,Informational,INF-F09,1,1,False,High,[],[],[],[],[],[]
INF-056,Response-Efficacy Claim,DRIVER,Informational,INF-F10,0,2,False,High,[],[],[],[],[],[]
INF-057,Susceptibility Claim,DRIVER,Informational,INF-F10,0,0,True,High,[],[],[],[],[],[]
INF-058,Threat-Severity Claim,DRIVER,Informational,INF-F10,0,2,False,High,[],[],[],[],[],[]
INF-059,Comparative Benchmark Information,DRIVER,Informational,INF-F11,1,0,False,High,[],[],[],[],[],[]
INF-060,Consensus Claim Strength,DRIVER,Informational,INF-F11,1,0,False,High,[],[],[],[],[],[]
INF-061,Norm-Prevalence Claim,DRIVER,Informational,INF-F11,0,1,False,High,[],[],[],[],[],[]
INF-062,Performance-Feedback Content,DRIVER,Informational,INF-F11,1,1,False,High,[],[],[],[],[],[]
INF-063,Alternative-Explanation Provision,DRIVER,Informational,INF-F12,0,1,False,Moderate,[],[],[],[],[],[]
INF-064,Correction Detail,DRIVER,Informational,INF-F12,2,0,False,Moderate,[],[],[],[],[],[]
INF-065,Correction or Retraction Presence,DRIVER,Informational,INF-F12,2,0,False,Moderate,[],[],[],[],[],[]
INF-066,Correction Specificity,DRIVER,Informational,INF-F12,0,1,False,Moderate,[],[],[],[],[],[]
INF-067,Factual Veracity,DRIVER,Informational,INF-F12,0,2,False,Moderate,[],[],[],[],[],[]
INF-068,Material Selective-Omission Degree,RELATIONAL_DERIVED_STATE,Informational,INF-F12,0,1,False,Moderate,[],[],"[{""alignmentRequirements"": ""Match analytic level, scope, and time window"", ""entityId"": null, ""externalParameterType"": ""AVAILABLE_MATERIAL_INFORMATION"", ""required"": true, ""role"": ""CONSTITUENT_OR_INPUT"", ""unitScaleExpectations"": ""Aligned with derivation logic""}, {""alignmentRequirements"": ""Match analytic level, scope, and time window"", ""entityId"": null, ""externalParameterType"": ""PRESENTED_INFORMATION"", ""required"": true, ""role"": ""CONSTITUENT_OR_INPUT"", ""unitScaleExpectations"": ""Aligned with derivation logic""}]","[""RDS_CAUSAL_SOURCE_REVIEW"", ""STRUCTURAL_RDS_ROOT_REVIEW_NOT_EXECUTION_VIOLATION"", ""NO_PER_RECORD_DERIVATION_VERSION_USE_FROZEN_COMMIT""]",[],[]
INF-069,Action-Guidance Completeness,DRIVER,Informational,INF-F13,3,1,False,High,[],[],[],[],[],[]
INF-070,Action-Time Specificity,DRIVER,Informational,INF-F13,0,1,False,High,[],[],[],[],[],[]
INF-071,Call-to-Action Presence,DRIVER,Informational,INF-F13,1,0,False,High,[],[],[],[],[],[]
INF-072,Implementation-Step Completeness,DRIVER,Informational,INF-F13,0,1,False,High,[],[],[],[],[],[]
INF-073,Recommendation Specificity,DRIVER,Informational,INF-F13,0,2,False,High,[],[],[],[],[],[]
INF-074,Information-Void Magnitude,DRIVER,Informational,INF-F01,0,0,True,Moderate,[],[],[],[],[],[]
INF-075,Viewpoint Diversity,DRIVER,Informational,INF-F01,1,1,False,Moderate,[],[],[],[],[],[]
INF-076,Dehumanizing Content Intensity,DRIVER,Informational,INF-F08,0,0,True,Moderate,[],[],[],[],[],[]
INF-077,Message Surface-Linguistic Complexity,DRIVER,Informational,INF-F03,0,0,True,,[],[],[],"[""ENTITY_BLOCKED_FIELDS""]","[""mechanism"", ""modifiability"", ""volatility"", ""timeScaleOfChange"", ""onsetCausalLag"", ""persistenceRecovery"", ""measurementAssessmentMethods"", ""observability"", ""evidenceStrength"", ""evidenceNotes"", ""keySources""]",[]
INS-001,Formal Obligation Strength,DRIVER,Institutional / Structural,INS-F01,0,1,False,Moderate,[],[],[],[],[],[]
INS-002,Formal Restriction Scope,DRIVER,Institutional / Structural,INS-F01,0,1,False,Moderate,[],[],[],[],[],[]
INS-003,Eligibility-Rule Restrictiveness,DRIVER,Institutional / Structural,INS-F01,1,1,False,Moderate,[],[],[],[],[],[]
INS-004,Formal Role Specification,DRIVER,Institutional / Structural,INS-F01,0,0,True,Moderate,[],[],[],[],[],[]
INS-005,Decision-Authority Concentration,DRIVER,Institutional / Structural,INS-F01,0,1,False,Moderate,[],[],[],[],[],[]
INS-006,Frontline Discretion,DRIVER,Institutional / Structural,INS-F01,2,0,False,Moderate,[],[],[],[],[],[]
INS-007,Collective-Decision Rule Structure,DRIVER,Institutional / Structural,INS-F01,0,0,True,Moderate,[],[],[],[],[],[]
INS-008,Authorized Outcome Scope,DRIVER,Institutional / Structural,INS-F01,0,0,True,Moderate,[],[],[],[],[],[]
INS-009,Appeal and Review Rights,DRIVER,Institutional / Structural,INS-F01,1,1,False,Moderate,[],[],[],[],[],[]
INS-010,Property and Control-Right Security,DRIVER,Institutional / Structural,INS-F01,0,0,True,Moderate,[],[],[],[],[],[]
INS-011,Monetary Reward Magnitude,DRIVER,Institutional / Structural,INS-F02,0,1,False,Moderate,[],[],[],[],[],[]
INS-012,Tax Rate,DRIVER,Institutional / Structural,INS-F02,0,0,True,Moderate,[],[],[],[],[],[]
INS-013,Administrative Fee Magnitude,DRIVER,Institutional / Structural,INS-F02,0,0,True,Moderate,[],[],[],[],[],[]
INS-014,Subsidy and Benefit Magnitude,DRIVER,Institutional / Structural,INS-F02,0,0,True,Moderate,[],[],[],[],[],[]
INS-015,Formal Sanction Severity,DRIVER,Institutional / Structural,INS-F02,0,1,False,Moderate,[],[],[],[],[],[]
INS-016,Sanction Graduation,DRIVER,Institutional / Structural,INS-F02,0,0,True,Moderate,[],[],[],[],[],[]
INS-017,Nonmonetary Sanction Severity,DRIVER,Institutional / Structural,INS-F02,0,0,True,Moderate,[],[],[],[],[],[]
INS-018,Performance-Contingent Reward Strength,DRIVER,Institutional / Structural,INS-F02,1,0,False,Moderate,[],[],[],[],[],[]
INS-019,Liability Allocation,DRIVER,Institutional / Structural,INS-F02,0,0,True,Moderate,[],[],[],[],[],[]
INS-020,Administrative Learning Cost,DRIVER,Institutional / Structural,INS-F03,0,1,False,High,[],[],[],[],[],[]
INS-021,Documentation Burden,DRIVER,Institutional / Structural,INS-F03,2,1,False,High,[],[],[],[],[],[]
INS-022,Procedural Complexity,DRIVER,Institutional / Structural,INS-F03,0,1,False,High,[],[],[],[],[],[]
INS-023,Institutional Processing Delay,DRIVER,Institutional / Structural,INS-F03,1,0,False,High,[],[],[],[],[],[]
INS-024,Administrative Compliance Burden,RELATIONAL_DERIVED_STATE,Institutional / Structural,INS-F03,2,0,False,High,[],[],"[{""alignmentRequirements"": ""Match analytic level, scope, and time window"", ""entityId"": null, ""externalParameterType"": ""ADMINISTRATIVE_REQUIREMENTS"", ""required"": true, ""role"": ""CONSTITUENT_OR_INPUT"", ""unitScaleExpectations"": ""Aligned with derivation logic""}, {""alignmentRequirements"": ""Match analytic level, scope, and time window"", ""entityId"": null, ""externalParameterType"": ""TIME_EFFORT_AND_DOCUMENTATION_DEMANDS"", ""required"": true, ""role"": ""CONSTITUENT_OR_INPUT"", ""unitScaleExpectations"": ""Aligned with derivation logic""}]","[""NO_PER_RECORD_DERIVATION_VERSION_USE_FROZEN_COMMIT""]",[],[]
INS-025,Recertification Frequency,DRIVER,Institutional / Structural,INS-F03,0,1,False,High,[],[],[],[],[],[]
INS-026,Deadline Stringency,DRIVER,Institutional / Structural,INS-F03,0,0,True,High,[],[],[],[],[],[]
INS-027,Administrative Channel Restrictiveness,DRIVER,Institutional / Structural,INS-F03,0,0,True,High,[],[],[],[],[],[]
INS-028,Institutional Default Rule,DRIVER,Institutional / Structural,INS-F03,0,1,False,High,[],[],[],[],[],[]
INS-029,Organizational Centralization,DRIVER,Institutional / Structural,INS-F04,0,1,False,Moderate,[],[],[],[],[],[]
INS-030,Organizational Formalization,DRIVER,Institutional / Structural,INS-F04,0,0,True,Moderate,[],[],[],[],[],[]
INS-031,Procedure Standardization,DRIVER,Institutional / Structural,INS-F04,0,1,False,Moderate,[],[],[],[],[],[]
INS-032,Task Specialization,DRIVER,Institutional / Structural,INS-F04,0,0,True,Moderate,[],[],[],[],[],[]
INS-033,Hierarchy Depth,DRIVER,Institutional / Structural,INS-F04,0,0,True,Moderate,[],[],[],[],[],[]
INS-034,Span of Control,DRIVER,Institutional / Structural,INS-F04,0,0,True,Moderate,[],[],[],[],[],[]
INS-035,Departmental Segmentation,DRIVER,Institutional / Structural,INS-F04,0,0,True,Moderate,[],[],[],[],[],[]
INS-036,Formal Coordination-Mechanism Availability,DRIVER,Institutional / Structural,INS-F04,0,0,True,Moderate,[],[],[],[],[],[]
INS-037,Goal Ambiguity,DRIVER,Institutional / Structural,INS-F04,1,0,False,Moderate,[],[],[],[],[],[]
INS-038,Mandate Conflict,DRIVER,Institutional / Structural,INS-F04,0,1,False,Moderate,[],[],[],[],[],[]
INS-039,Caseload Pressure,RELATIONAL_DERIVED_STATE,Institutional / Structural,INS-F04,0,1,False,Moderate,[],[],"[{""alignmentRequirements"": ""Match analytic level, scope, and time window"", ""entityId"": null, ""externalParameterType"": ""WORKLOAD_OR_CASELOAD_DEMAND"", ""required"": true, ""role"": ""CONSTITUENT_OR_INPUT"", ""unitScaleExpectations"": ""Aligned with derivation logic""}, {""alignmentRequirements"": ""Match analytic level, scope, and time window"", ""entityId"": null, ""externalParameterType"": ""STAFFING_CAPACITY"", ""required"": true, ""role"": ""CONSTITUENT_OR_INPUT"", ""unitScaleExpectations"": ""Aligned with derivation logic""}, {""alignmentRequirements"": ""Match analytic level, scope, and time window"", ""entityId"": null, ""externalParameterType"": ""AVAILABLE_LABOR_TIME"", ""required"": true, ""role"": ""CONSTITUENT_OR_INPUT"", ""unitScaleExpectations"": ""Aligned with derivation logic""}]","[""RDS_CAUSAL_SOURCE_REVIEW"", ""STRUCTURAL_RDS_ROOT_REVIEW_NOT_EXECUTION_VIOLATION"", ""NO_PER_RECORD_DERIVATION_VERSION_USE_FROZEN_COMMIT""]",[],[]
INS-040,Monitoring and Audit Intensity,DRIVER,Institutional / Structural,INS-F05,0,2,False,Moderate,[],[],[],[],[],[]
INS-041,Sanction-Enforcement Probability,DRIVER,Institutional / Structural,INS-F05,3,0,False,Moderate,[],[],[],[],[],[]
INS-042,Reporting Requirement Burden,DRIVER,Institutional / Structural,INS-F05,0,0,True,Moderate,[],[],[],[],[],[]
INS-043,Disclosure-Rule Strength,DRIVER,Institutional / Structural,INS-F05,0,2,False,Moderate,[],[],[],[],[],[]
INS-044,Performance-Target Intensity,DRIVER,Institutional / Structural,INS-F05,0,0,True,Moderate,[],[],[],[],[],[]
INS-045,Formal Performance-Feedback Timeliness,DRIVER,Institutional / Structural,INS-F05,0,0,True,Moderate,[],[],[],[],[],[]
INS-046,External Oversight Strength,DRIVER,Institutional / Structural,INS-F05,0,2,False,Moderate,[],[],[],[],[],[]
INS-047,Institutional Surveillance Mandate Scope,DRIVER,Institutional / Structural,INS-F05,0,2,False,Moderate,[],[],[],[],[],[]
INS-048,Collective-Choice Participation Rights,DRIVER,Institutional / Structural,INS-F06,1,0,False,Moderate,[],[],[],[],[],[]
INS-049,Representation Structure,DRIVER,Institutional / Structural,INS-F06,0,0,True,Moderate,[],[],[],[],[],[]
INS-050,Stakeholder Inclusion Breadth,DRIVER,Institutional / Structural,INS-F06,0,1,False,Moderate,[],[],[],[],[],[]
INS-051,Procedural Impartiality,DRIVER,Institutional / Structural,INS-F06,2,1,False,Moderate,[],[],[],[],[],[]
INS-052,Formal Voice Opportunity,DRIVER,Institutional / Structural,INS-F06,0,2,False,Moderate,[],[],[],[],[],[]
INS-053,Reason-Giving Requirement Strength,DRIVER,Institutional / Structural,INS-F06,0,0,True,Moderate,[],[],[],[],[],[]
INS-054,Redress-Mechanism Accessibility,DRIVER,Institutional / Structural,INS-F06,0,1,False,Moderate,[],[],[],[],[],[]
INS-055,Local Self-Governance Autonomy,DRIVER,Institutional / Structural,INS-F06,0,0,True,Moderate,[],[],[],[],[],[]
INS-056,Budget Allocation,DRIVER,Institutional / Structural,INS-F07,0,2,False,Moderate,[],[],[],[],[],[]
INS-057,Structural Service Coverage,DRIVER,Institutional / Structural,INS-F07,2,0,False,Moderate,[],[],[],[],[],[]
INS-058,Rationing Restrictiveness,DRIVER,Institutional / Structural,INS-F07,0,0,True,Moderate,[],[],[],[],[],[]
INS-059,Priority-Rule Structure,DRIVER,Institutional / Structural,INS-F07,0,0,True,Moderate,[],[],[],[],[],[]
INS-060,Jurisdictional Service Coverage,DRIVER,Institutional / Structural,INS-F07,0,0,True,Moderate,[],[],[],[],[],[]
INS-061,Gatekeeping Authority Concentration,DRIVER,Institutional / Structural,INS-F07,0,1,False,Moderate,[],[],[],[],[],[]
INS-062,Institutionally Produced Resource Inequality,DRIVER,Institutional / Structural,INS-F07,0,1,False,Moderate,[],[],[],[],[],[]
INS-063,Service-Delivery Capacity,DRIVER,Institutional / Structural,INS-F13,4,2,False,Low,[],[],[],[],[],[]
INS-064,Contract Enforceability,DRIVER,Institutional / Structural,INS-F13,0,0,True,Low,[],[],[],[],[],[]
INS-065,Institutional Transaction Cost,DRIVER,Institutional / Structural,INS-F08,0,0,True,Moderate,[],[],[],[],[],[]
INS-066,Market Competition Intensity,DRIVER,Institutional / Structural,INS-F08,2,0,False,Moderate,[],[],[],[],[],[]
INS-067,Market Concentration,DRIVER,Institutional / Structural,INS-F08,0,1,False,Moderate,[],[],[],[],[],[]
INS-068,Formal Entry-Barrier Magnitude,DRIVER,Institutional / Structural,INS-F08,0,1,False,Moderate,[],[],[],[],[],[]
INS-069,Procurement and Ownership-Governance Structure,DRIVER,Institutional / Structural,INS-F08,0,0,True,Moderate,[],[],[],[],[],[]
INS-070,Employment Protection Strength,DRIVER,Institutional / Structural,INS-F08,0,0,True,Moderate,[],[],[],[],[],[]
INS-071,Collective-Bargaining Coverage,DRIVER,Institutional / Structural,INS-F08,0,0,True,Moderate,[],[],[],[],[],[]
INS-072,Formal Political-Power Allocation,DRIVER,Institutional / Structural,INS-F09,0,0,True,Moderate,[],[],[],[],[],[]
INS-073,De Facto Political-Power Concentration,DRIVER,Institutional / Structural,INS-F09,0,0,True,Moderate,[],[],[],[],[],[]
INS-074,Institutional Discrimination Prevalence,DRIVER,Institutional / Structural,INS-F09,1,0,False,Moderate,[],[],[],[],[],[]
INS-075,Differential Enforcement Magnitude,DRIVER,Institutional / Structural,INS-F09,0,1,False,Moderate,[],[],[],[],[],[]
INS-076,Institutional Segregation Strength,DRIVER,Institutional / Structural,INS-F09,0,1,False,Moderate,[],[],[],[],[],[]
INS-077,Patronage Allocation Prevalence,DRIVER,Institutional / Structural,INS-F10,0,1,False,Moderate,[],[],[],[],[],[]
INS-078,Clientelist Exchange Prevalence,DRIVER,Institutional / Structural,INS-F10,0,0,True,Moderate,[],[],[],[],[],[]
INS-079,Institutional Corruption Prevalence,DRIVER,Institutional / Structural,INS-F10,3,1,False,Moderate,[],[],[],[],[],[]
INS-080,Bribery Opportunity Prevalence,DRIVER,Institutional / Structural,INS-F10,1,1,False,Moderate,[],[],[],[],[],[]
INS-081,Rights-Deprivation Scope,DRIVER,Institutional / Structural,INS-F09,3,0,False,Moderate,[],[],[],[],[],[]
INS-082,Organizational Resource Dependence,DRIVER,Institutional / Structural,INS-F11,0,1,False,Moderate,[],[],[],[],[],[]
INS-083,Interorganizational Interdependence,DRIVER,Institutional / Structural,INS-F11,0,0,True,Moderate,[],[],[],[],[],[]
INS-084,Jurisdictional Overlap,DRIVER,Institutional / Structural,INS-F11,0,1,False,Moderate,[],[],[],[],[],[]
INS-085,Coordination Fragmentation,DRIVER,Institutional / Structural,INS-F11,2,1,False,Moderate,[],[],[],[],[],[]
INS-086,Coercive Institutional Pressure,DRIVER,Institutional / Structural,INS-F11,1,0,False,Moderate,[],[],[],[],[],[]
INS-087,Mimetic Institutional Pressure,DRIVER,Institutional / Structural,INS-F11,0,0,True,Moderate,[],[],[],[],[],[]
INS-088,Professional Regulatory Pressure,DRIVER,Institutional / Structural,INS-F11,0,0,True,Moderate,[],[],[],[],[],[]
INS-089,Policy Stability,DRIVER,Institutional / Structural,INS-F12,1,1,False,Moderate,[],[],[],[],[],[]
INS-090,Institutional Switching Cost,DRIVER,Institutional / Structural,INS-F12,1,0,False,Moderate,[],[],[],[],[],[]
INS-091,Emergency-Authority Breadth,DRIVER,Institutional / Structural,INS-F12,0,1,False,Moderate,[],[],[],[],[],[]
INS-092,Mandatory Review Frequency,DRIVER,Institutional / Structural,INS-F12,0,1,False,Moderate,[],[],[],[],[],[]
INS-093,Precedent Strength,DRIVER,Institutional / Structural,INS-F12,0,0,True,Moderate,[],[],[],[],[],[]
INS-094,Organizational Learning Capacity,DRIVER,Institutional / Structural,INS-F12,0,0,True,Moderate,[],[],[],[],[],[]
INS-095,Formal Role Clarity,DRIVER,Institutional / Structural,INS-F04,0,1,False,Moderate,[],[],[],[],[],[]
INS-096,Accountability-Consequence Certainty,DRIVER,Institutional / Structural,INS-F05,1,0,False,Moderate,[],[],[],[],[],[]
INS-097,Procurement Transparency,DRIVER,Institutional / Structural,INS-F08,1,1,False,Moderate,[],[],[],[],[],[]
INS-098,Decision Veto-Point Count,DRIVER,Institutional / Structural,INS-F09,0,0,True,Moderate,[],[],[],[],[],[]
INS-099,Censorship-Rule Scope,DRIVER,Institutional / Structural,INS-F09,0,1,False,Moderate,[],[],[],[],[],[]
INS-100,Border-Control Restrictiveness,DRIVER,Institutional / Structural,INS-F09,0,0,True,Moderate,[],[],[],[],[],[]
INS-101,Conflict-of-Interest Control Strength,DRIVER,Institutional / Structural,INS-F10,0,1,False,Moderate,[],[],[],[],[],[]
INS-102,Fiscal Capacity,DRIVER,Institutional / Structural,INS-F13,0,1,False,Low,[],[],[],[],[],[]
INS-103,Staffing Adequacy,RELATIONAL_DERIVED_STATE,Institutional / Structural,INS-F13,1,1,False,Low,[],[],"[{""alignmentRequirements"": ""Match analytic level, scope, and time window"", ""entityId"": null, ""externalParameterType"": ""QUALIFIED_STAFFING_CAPACITY"", ""required"": true, ""role"": ""CONSTITUENT_OR_INPUT"", ""unitScaleExpectations"": ""Aligned with derivation logic""}, {""alignmentRequirements"": ""Match analytic level, scope, and time window"", ""entityId"": null, ""externalParameterType"": ""ASSIGNED_WORKLOAD"", ""required"": true, ""role"": ""CONSTITUENT_OR_INPUT"", ""unitScaleExpectations"": ""Aligned with derivation logic""}]","[""RDS_CAUSAL_SOURCE_REVIEW"", ""NO_PER_RECORD_DERIVATION_VERSION_USE_FROZEN_COMMIT""]",[],[]
INS-104,Bureaucratic Meritocracy,DRIVER,Institutional / Structural,INS-F13,1,0,False,Low,[],[],[],[],[],[]
INS-105,Judicial Independence,DRIVER,Institutional / Structural,INS-F13,0,1,False,Low,[],[],[],[],[],[]
INS-106,Legal-Protection Strength,DRIVER,Institutional / Structural,INS-F13,1,1,False,Low,[],[],[],[],[],[]
INS-107,Territorial Administrative Reach,DRIVER,Institutional / Structural,INS-F13,1,0,False,Low,[],[],[],[],[],[]
INS-108,Analytic and Recordkeeping Capacity,DRIVER,Institutional / Structural,INS-F13,0,1,False,Low,[],[],[],[],[],[]
INS-109,Regulatory Consistency,DRIVER,Institutional / Structural,INS-F13,1,0,False,Low,[],[],[],[],[],[]
INS-110,Electoral Process Integrity,DRIVER,Institutional / Structural,INS-F09,0,0,True,Moderate,[],[],[],[],[],[]
INS-111,Civic-Space Openness,DRIVER,Institutional / Structural,INS-F06,0,0,True,Moderate,[],[],[],[],[],[]
INS-112,Media Institutional Independence,DRIVER,Institutional / Structural,INS-F09,0,0,True,Moderate,[],[],[],[],[],[]
INS-113,Policy/Rule Implementation Fidelity,RELATIONAL_DERIVED_STATE,Institutional / Structural,INS-F13,0,0,True,Moderate,[],[],"[{""alignmentRequirements"": ""Match analytic level, scope, and time window"", ""entityId"": null, ""externalParameterType"": ""INTENDED_POLICY_OR_RULE_SPECIFICATION"", ""required"": true, ""role"": ""CONSTITUENT_OR_INPUT"", ""unitScaleExpectations"": ""Aligned with derivation logic""}, {""alignmentRequirements"": ""Match analytic level, scope, and time window"", ""entityId"": null, ""externalParameterType"": ""REALIZED_IMPLEMENTATION"", ""required"": true, ""role"": ""CONSTITUENT_OR_INPUT"", ""unitScaleExpectations"": ""Aligned with derivation logic""}]","[""NO_PER_RECORD_DERIVATION_VERSION_USE_FROZEN_COMMIT""]",[],[]
INS-114,Emergency Response Capacity,DRIVER,Institutional / Structural,INS-F13,0,0,True,Moderate,[],[],[],[],[],[]
INS-115,Administrative Scheduling Flexibility,DRIVER,Institutional / Structural,INS-F03,0,0,True,,[],[],[],"[""ENTITY_BLOCKED_FIELDS""]","[""mechanism"", ""modifiability"", ""volatility"", ""timeScaleOfChange"", ""onsetCausalLag"", ""persistenceRecovery"", ""measurementAssessmentMethods"", ""observability"", ""evidenceStrength"", ""evidenceNotes"", ""keySources""]",[]
INS-116,Administrative Recovery Opportunity,DRIVER,Institutional / Structural,INS-F03,0,0,True,,[],[],[],"[""ENTITY_BLOCKED_FIELDS""]","[""mechanism"", ""modifiability"", ""volatility"", ""timeScaleOfChange"", ""onsetCausalLag"", ""persistenceRecovery"", ""measurementAssessmentMethods"", ""observability"", ""evidenceStrength"", ""evidenceNotes"", ""keySources""]",[]
PSY-001,Attitude Valence,DRIVER,Psychological,PSY-F01,2,1,False,Moderate,[],[],[],[],[],[]
PSY-002,Attitude Strength,DRIVER,Psychological,PSY-F01,0,1,False,Moderate,[],[],[],[],[],[]
PSY-003,Belief Strength,DRIVER,Psychological,PSY-F01,4,0,False,Moderate,[],[],[],[],[],[]
PSY-004,Outcome Expectancy,DRIVER,Psychological,PSY-F01,0,1,False,Moderate,[],[],[],[],[],[]
PSY-005,Outcome Valuation,DRIVER,Psychological,PSY-F01,0,1,False,Moderate,[],[],[],[],[],[]
PSY-006,Success Expectancy,DRIVER,Psychological,PSY-F01,0,0,True,Moderate,[],[],[],[],[],[]
PSY-007,Perceived Relevance,DRIVER,Psychological,PSY-F01,0,1,False,High,[],[],[],[],[],[]
PSY-008,Perceived Outcome Likelihood,DRIVER,Psychological,PSY-F02,0,1,False,High,[],[],[],[],[],[]
PSY-009,Perceived Threat Severity,DRIVER,Psychological,PSY-F02,1,1,False,High,[],[],[],[],[],[]
PSY-010,Response Efficacy,DRIVER,Psychological,PSY-F02,2,1,False,Moderate,[],[],[],[],[],[]
PSY-011,Self-Efficacy,DRIVER,Psychological,PSY-F02,0,1,False,Moderate,[],[],[],[],[],[]
PSY-012,Perceived Behavioral Control,DRIVER,Psychological,PSY-F02,1,1,False,High,[],[],[],[],[],[]
PSY-013,Perceived Controllability,DRIVER,Psychological,PSY-F02,3,0,False,High,[],[],[],[],[],[]
PSY-014,Coping Self-Efficacy,DRIVER,Psychological,PSY-F02,1,1,False,Moderate,[],[],[],[],[],[]
PSY-015,Perceived Helplessness,DRIVER,Psychological,PSY-F02,1,0,False,Moderate,[],[],[],[],[],[]
PSY-016,Perceived Descriptive Norm,DRIVER,Psychological,PSY-F03,1,2,False,Moderate,[],[],[],[],[],[]
PSY-017,Perceived Injunctive Norm,DRIVER,Psychological,PSY-F03,1,1,False,Moderate,[],[],[],[],[],[]
PSY-018,Anticipated Social Approval,DRIVER,Psychological,PSY-F03,0,0,True,High,[],[],[],[],[],[]
PSY-019,Perceived Social Support,DRIVER,Psychological,PSY-F03,0,2,False,Moderate,[],[],[],[],[],[]
PSY-020,Perceived Belonging,DRIVER,Psychological,PSY-F03,1,0,False,Moderate,[],[],[],[],[],[]
PSY-021,Interpersonal Trust,DRIVER,Psychological,PSY-F03,1,1,False,Moderate,[],[],[],[],[],[]
PSY-022,Perceived Fairness,DRIVER,Psychological,PSY-F03,3,1,False,Moderate,[],[],[],[],[],[]
PSY-023,Perceived Legitimacy,DRIVER,Psychological,PSY-F03,3,1,False,Moderate,[],[],[],[],[],[]
PSY-024,Perceived Social Exclusion,DRIVER,Psychological,PSY-F03,1,2,False,High,[],[],[],[],[],[]
PSY-025,Perceived Status,DRIVER,Psychological,PSY-F03,0,0,True,Moderate,[],[],[],[],[],[]
PSY-026,Intention Strength,DRIVER,Psychological,PSY-F04,10,0,False,High,[],[],[],[],[],[]
PSY-027,Goal Commitment,DRIVER,Psychological,PSY-F04,2,0,False,High,[],[],[],[],[],[]
PSY-028,Goal Specificity,DRIVER,Psychological,PSY-F04,0,1,False,High,[],[],[],[],[],[]
PSY-029,Goal Difficulty,DRIVER,Psychological,PSY-F04,0,1,False,High,[],[],[],[],[],[]
PSY-030,Goal Conflict,DRIVER,Psychological,PSY-F04,0,1,False,High,[],[],[],[],[],[]
PSY-031,Goal Priority,DRIVER,Psychological,PSY-F04,0,0,True,High,[],[],[],[],[],[]
PSY-032,Intrinsic Motivation,DRIVER,Psychological,PSY-F04,1,0,False,High,[],[],[],[],[],[]
PSY-033,Autonomous Motivation,DRIVER,Psychological,PSY-F04,1,0,False,High,[],[],[],[],[],[]
PSY-034,Controlled Motivation,DRIVER,Psychological,PSY-F04,0,0,True,High,[],[],[],[],[],[]
PSY-035,Autonomy Need Satisfaction,DRIVER,Psychological,PSY-F04,0,1,False,High,[],[],[],[],[],[]
PSY-036,Competence Need Satisfaction,DRIVER,Psychological,PSY-F04,0,1,False,High,[],[],[],[],[],[]
PSY-037,Relatedness Need Satisfaction,DRIVER,Psychological,PSY-F04,0,0,True,High,[],[],[],[],[],[]
PSY-038,Approach Motivation,DRIVER,Psychological,PSY-F04,1,0,False,High,[],[],[],[],[],[]
PSY-039,Avoidance Motivation,DRIVER,Psychological,PSY-F04,0,0,True,High,[],[],[],[],[],[]
PSY-040,Anticipated Regret,DRIVER,Psychological,PSY-F04,0,1,False,High,[],[],[],[],[],[]
PSY-041,Fear Intensity,DRIVER,Psychological,PSY-F05,2,1,False,High,[],[],[],[],[],[]
PSY-042,Anxiety Intensity,DRIVER,Psychological,PSY-F05,2,1,False,High,[],[],[],[],[],[]
PSY-043,Anger Intensity,DRIVER,Psychological,PSY-F05,2,1,False,High,[],[],[],[],[],[]
PSY-044,Disgust Intensity,DRIVER,Psychological,PSY-F05,1,0,False,High,[],[],[],[],[],[]
PSY-045,Shame Intensity,DRIVER,Psychological,PSY-F05,1,0,False,High,[],[],[],[],[],[]
PSY-046,Guilt Intensity,DRIVER,Psychological,PSY-F05,0,0,True,High,[],[],[],[],[],[]
PSY-047,Sadness Intensity,DRIVER,Psychological,PSY-F05,0,0,True,High,[],[],[],[],[],[]
PSY-048,Hope Intensity,DRIVER,Psychological,PSY-F05,0,0,True,High,[],[],[],[],[],[]
PSY-049,Pride Intensity,DRIVER,Psychological,PSY-F05,0,0,True,High,[],[],[],[],[],[]
PSY-050,Mood Valence,DRIVER,Psychological,PSY-F05,0,0,True,High,[],[],[],[],[],[]
PSY-051,Subjective Arousal,DRIVER,Psychological,PSY-F05,1,0,False,High,[],[],[],[],[],[]
PSY-052,Frustration Intensity,DRIVER,Psychological,PSY-F05,0,0,True,High,[],[],[],[],[],[]
PSY-053,Empathic Concern,DRIVER,Psychological,PSY-F05,0,0,True,High,[],[],[],[],[],[]
PSY-054,Perceived Stress,DRIVER,Psychological,PSY-F05,4,1,False,High,[],[],[],[],[],[]
PSY-055,Selective Attention Allocation,DRIVER,Psychological,PSY-F06,0,0,True,Moderate,[],[],[],[],[],[]
PSY-056,Attentional Salience,DRIVER,Psychological,PSY-F06,1,0,False,Moderate,[],[],[],[],[],[]
PSY-057,Cognitive Load,DRIVER,Psychological,PSY-F06,4,3,False,Moderate,[],[],[],[],[],[]
PSY-058,Working Memory Availability,DRIVER,Psychological,PSY-F06,3,1,False,Moderate,[],[],[],[],[],[]
PSY-059,Elaboration Depth,DRIVER,Psychological,PSY-F06,3,0,False,Moderate,[],[],[],[],[],[]
PSY-060,Construal Frame,DRIVER,Psychological,PSY-F06,0,0,True,Moderate,[],[],[],[],[],[]
PSY-061,Processing Fluency,DRIVER,Psychological,PSY-F06,0,2,False,Moderate,[],[],[],[],[],[]
PSY-062,Cognitive Flexibility,DRIVER,Psychological,PSY-F06,0,0,True,Moderate,[],[],[],[],[],[]
PSY-063,Causal Belief Strength,DRIVER,Psychological,PSY-F07,1,0,False,Moderate,[],[],[],[],[],[]
PSY-064,Mental Model Coherence,DRIVER,Psychological,PSY-F07,0,0,True,Moderate,[],[],[],[],[],[]
PSY-065,Domain Knowledge,DRIVER,Psychological,PSY-F07,0,0,True,Moderate,[],[],[],[],[],[]
PSY-066,Memory Accessibility,DRIVER,Psychological,PSY-F07,0,0,True,Moderate,[],[],[],[],[],[]
PSY-067,Familiarity,DRIVER,Psychological,PSY-F07,2,0,False,Moderate,[],[],[],[],[],[]
PSY-068,Memory Confidence,DRIVER,Psychological,PSY-F07,0,0,True,Moderate,[],[],[],[],[],[]
PSY-069,Prior-Belief Congruence,DRIVER,Psychological,PSY-F07,0,1,False,High,[],[],[],[],[],[]
PSY-070,Habit Strength,DRIVER,Psychological,PSY-F08,0,1,False,Moderate,[],[],[],[],[],[]
PSY-071,Behavioral Automaticity,DRIVER,Psychological,PSY-F08,2,0,False,Moderate,[],[],[],[],[],[]
PSY-072,Cue–Response Association Strength,DRIVER,Psychological,PSY-F08,1,1,False,Moderate,[],[],[],[],[],[]
PSY-073,Reinforcement Expectancy,DRIVER,Psychological,PSY-F08,0,0,True,Moderate,[],[],[],[],[],[]
PSY-074,Observationally Learned Expectancy,DRIVER,Psychological,PSY-F08,0,0,True,Moderate,[],[],[],[],[],[]
PSY-075,Implementation Intention Strength,DRIVER,Psychological,PSY-F09,0,1,False,High,[],[],[],[],[],[]
PSY-076,Action Plan Specificity,DRIVER,Psychological,PSY-F09,1,0,False,High,[],[],[],[],[],[]
PSY-077,Self-Monitoring Intensity,DRIVER,Psychological,PSY-F09,3,1,False,Moderate,[],[],[],[],[],[]
PSY-078,Perceived Goal–State Discrepancy,RELATIONAL_DERIVED_STATE,Psychological,PSY-F09,1,0,False,High,[],[],"[{""alignmentRequirements"": ""Match analytic level, scope, and time window"", ""entityId"": null, ""externalParameterType"": ""DESIRED_OR_REFERENCE_STATE"", ""required"": true, ""role"": ""CONSTITUENT_OR_INPUT"", ""unitScaleExpectations"": ""Aligned with derivation logic""}, {""alignmentRequirements"": ""Match analytic level, scope, and time window"", ""entityId"": null, ""externalParameterType"": ""PERCEIVED_CURRENT_STATE"", ""required"": true, ""role"": ""CONSTITUENT_OR_INPUT"", ""unitScaleExpectations"": ""Aligned with derivation logic""}]","[""NO_PER_RECORD_DERIVATION_VERSION_USE_FROZEN_COMMIT""]",[],[]
PSY-079,Emotion Regulation Capacity,DRIVER,Psychological,PSY-F09,0,1,False,Moderate,[],[],[],[],[],[]
PSY-080,Attentional Control Capacity,DRIVER,Psychological,PSY-F09,1,1,False,Moderate,[],[],[],[],[],[]
PSY-081,Response Inhibition Capacity,DRIVER,Psychological,PSY-F09,0,0,True,Moderate,[],[],[],[],[],[]
PSY-082,Self-Control Capacity,DRIVER,Psychological,PSY-F09,0,0,True,Moderate,[],[],[],[],[],[]
PSY-083,Coping Strategy Flexibility,DRIVER,Psychological,PSY-F09,0,0,True,Moderate,[],[],[],[],[],[]
PSY-084,Loss Aversion,DRIVER,Psychological,PSY-F10,1,0,False,Moderate,[],[],[],[],[],[]
PSY-085,Reference Point,DRIVER,Psychological,PSY-F10,0,0,True,Moderate,[],[],[],[],[],[]
PSY-086,Risk Preference,DRIVER,Psychological,PSY-F10,2,0,False,Moderate,[],[],[],[],[],[]
PSY-087,Probability Weighting,DRIVER,Psychological,PSY-F10,0,0,True,Moderate,[],[],[],[],[],[]
PSY-088,Ambiguity Aversion,DRIVER,Psychological,PSY-F10,0,0,True,Moderate,[],[],[],[],[],[]
PSY-089,Delay Discounting,DRIVER,Psychological,PSY-F10,0,0,True,Moderate,[],[],[],[],[],[]
PSY-090,Present Bias,DRIVER,Psychological,PSY-F10,1,0,False,Moderate,[],[],[],[],[],[]
PSY-091,Effort Discounting,DRIVER,Psychological,PSY-F10,0,0,True,Moderate,[],[],[],[],[],[]
PSY-092,Decision Conflict,DRIVER,Psychological,PSY-F10,0,0,True,Moderate,[],[],[],[],[],[]
PSY-093,Default Option Preference,DRIVER,Psychological,PSY-F10,0,0,True,Moderate,[],[],[],[],[],[]
PSY-094,Behavioral Self-Identity,DRIVER,Psychological,PSY-F11,0,0,True,Low,[],[],[],[],[],[]
PSY-095,Identity Salience,DRIVER,Psychological,PSY-F11,0,0,True,High,[],[],[],[],[],[]
PSY-096,Identity Centrality,DRIVER,Psychological,PSY-F11,1,0,False,Low,[],[],[],[],[],[]
PSY-097,Social Identification Strength,DRIVER,Psychological,PSY-F11,1,2,False,Low,[],[],[],[],[],[]
PSY-098,Identity Fusion,DRIVER,Psychological,PSY-F11,0,0,True,Low,[],[],[],[],[],[]
PSY-099,Self-Concept Clarity,DRIVER,Psychological,PSY-F11,0,0,True,Low,[],[],[],[],[],[]
PSY-100,Self-Integrity Threat,DRIVER,Psychological,PSY-F11,0,1,False,High,[],[],[],[],[],[]
PSY-101,Perceived Identity Threat,DRIVER,Psychological,PSY-F11,1,1,False,High,[],[],[],[],[],[]
PSY-102,Dissonance Magnitude,DRIVER,Psychological,PSY-F11,0,0,True,High,[],[],[],[],[],[]
PSY-103,Moral Identity Centrality,DRIVER,Psychological,PSY-F11,0,0,True,Low,[],[],[],[],[],[]
PSY-104,Perceived Agency,DRIVER,Psychological,PSY-F12,0,0,True,High,[],[],[],[],[],[]
PSY-105,Responsibility Attribution,DRIVER,Psychological,PSY-F12,0,0,True,Moderate,[],[],[],[],[],[]
PSY-106,Causal Attribution Locus,DRIVER,Psychological,PSY-F12,0,0,True,Moderate,[],[],[],[],[],[]
PSY-107,Intentionality Attribution,DRIVER,Psychological,PSY-F12,0,0,True,Moderate,[],[],[],[],[],[]
PSY-108,Perceived Freedom Threat,DRIVER,Psychological,PSY-F12,1,1,False,High,[],[],[],[],[],[]
PSY-109,Psychological Reactance Intensity,DRIVER,Psychological,PSY-F12,1,2,False,High,[],[],[],[],[],[]
PSY-110,Moral Conviction Strength,DRIVER,Psychological,PSY-F12,2,2,False,Moderate,[],[],[],[],[],[]
PSY-111,Moral Obligation,DRIVER,Psychological,PSY-F12,0,0,True,High,[],[],[],[],[],[]
PSY-112,Personal Value Priority,DRIVER,Psychological,PSY-F12,0,0,True,Low,[],[],[],[],[],[]
PSY-113,Perceived Source Credibility,DRIVER,Psychological,PSY-F13,3,1,False,Moderate,[],[],[],[],[],[]
PSY-114,Perceived Argument Strength,DRIVER,Psychological,PSY-F13,1,1,False,High,[],[],[],[],[],[]
PSY-115,Counterarguing Intensity,DRIVER,Psychological,PSY-F13,4,1,False,High,[],[],[],[],[],[]
PSY-116,Metacognitive Confidence,DRIVER,Psychological,PSY-F13,2,0,False,Moderate,[],[],[],[],[],[]
PSY-117,Resistance Motivation,DRIVER,Psychological,PSY-F13,0,1,False,High,[],[],[],[],[],[]
PSY-118,Epistemic Trust,DRIVER,Psychological,PSY-F13,1,1,False,Moderate,[],[],[],[],[],[]
PSY-119,Perceived Information Sufficiency,DRIVER,Psychological,PSY-F13,2,0,False,High,[],[],[],[],[],[]
PSY-120,Conscientiousness,DRIVER,Psychological,PSY-F14,0,1,False,Low,[],[],[],[],[],[]
PSY-121,Neuroticism,DRIVER,Psychological,PSY-F14,0,1,False,Low,[],[],[],[],[],[]
PSY-122,Extraversion,DRIVER,Psychological,PSY-F14,0,0,True,Low,[],[],[],[],[],[]
PSY-123,Agreeableness,DRIVER,Psychological,PSY-F14,0,0,True,Low,[],[],[],[],[],[]
PSY-124,Openness to Experience,DRIVER,Psychological,PSY-F14,0,0,True,Low,[],[],[],[],[],[]
PSY-125,Trait Impulsivity,DRIVER,Psychological,PSY-F14,0,1,False,Low,[],[],[],[],[],[]
PSY-126,Sensation Seeking,DRIVER,Psychological,PSY-F14,0,0,True,Low,[],[],[],[],[],[]
PSY-127,Reward Sensitivity,DRIVER,Psychological,PSY-F14,0,1,False,Low,[],[],[],[],[],[]
PSY-128,Punishment Sensitivity,DRIVER,Psychological,PSY-F14,0,1,False,Low,[],[],[],[],[],[]
PSY-129,Need for Cognition,DRIVER,Psychological,PSY-F14,0,1,False,Low,[],[],[],[],[],[]
PSY-130,Need for Closure,DRIVER,Psychological,PSY-F14,0,1,False,Low,[],[],[],[],[],[]
PSY-131,Intolerance of Uncertainty,DRIVER,Psychological,PSY-F14,0,1,False,Low,[],[],[],[],[],[]
PSY-132,Subjective Uncertainty,DRIVER,Psychological,PSY-F02,0,0,True,Moderate,[],[],[],[],[],[]
PSY-133,Group-Based Relative Deprivation,DRIVER,Psychological,PSY-F03,0,0,True,Moderate,[],[],[],[],[],[]
PSY-134,Institutional Trust,DRIVER,Psychological,PSY-F03,2,1,False,Moderate,[],[],[],[],[],[]
PSY-135,Perspective-Taking Capacity,DRIVER,Psychological,PSY-F12,0,0,True,Moderate,[],[],[],[],[],[]
RDS-0001,Message Cohesion,RELATIONAL_DERIVED_STATE,Informational,INF-F03,0,0,True,,[],[],"[{""alignmentRequirements"": ""Match analytic level, scope, and time window"", ""entityId"": null, ""externalParameterType"": ""MESSAGE_ELEMENTS"", ""required"": true, ""role"": ""CONSTITUENT_OR_INPUT"", ""unitScaleExpectations"": ""Aligned with derivation logic""}, {""alignmentRequirements"": ""Match analytic level, scope, and time window"", ""entityId"": null, ""externalParameterType"": ""MESSAGE_ELEMENT_RELATIONS"", ""required"": true, ""role"": ""CONSTITUENT_OR_INPUT"", ""unitScaleExpectations"": ""Aligned with derivation logic""}]","[""NO_PER_RECORD_DERIVATION_VERSION_USE_FROZEN_COMMIT"", ""ENTITY_BLOCKED_FIELDS""]","[""mechanism"", ""modifiability"", ""volatility"", ""timeScaleOfChange"", ""onsetCausalLag"", ""persistenceRecovery"", ""measurementAssessmentMethods"", ""observability"", ""evidenceStrength"", ""evidenceNotes"", ""keySources""]",[]
RDS-0002,Sleep Architecture Composition,RELATIONAL_DERIVED_STATE,Biological,BIO-F01,0,0,True,,[],[],"[{""alignmentRequirements"": ""Match analytic level, scope, and time window"", ""entityId"": null, ""externalParameterType"": ""SLEEP_STAGE_TIME_SERIES"", ""required"": true, ""role"": ""CONSTITUENT_OR_INPUT"", ""unitScaleExpectations"": ""Aligned with derivation logic""}]","[""NO_PER_RECORD_DERIVATION_VERSION_USE_FROZEN_COMMIT"", ""ENTITY_BLOCKED_FIELDS""]","[""mechanism"", ""modifiability"", ""volatility"", ""timeScaleOfChange"", ""onsetCausalLag"", ""persistenceRecovery"", ""measurementAssessmentMethods"", ""observability"", ""evidenceStrength"", ""evidenceNotes"", ""keySources""]",[]
RDS-0003,Sleep Sufficiency,RELATIONAL_DERIVED_STATE,Biological,BIO-F01,0,0,True,,[],[],"[{""alignmentRequirements"": ""Match analytic level, scope, and time window"", ""entityId"": ""BIO-001"", ""externalParameterType"": null, ""required"": true, ""role"": ""CONSTITUENT_OR_INPUT"", ""unitScaleExpectations"": ""Aligned with derivation logic""}, {""alignmentRequirements"": ""Match analytic level, scope, and time window"", ""entityId"": ""BIO-074"", ""externalParameterType"": null, ""required"": true, ""role"": ""CONSTITUENT_OR_INPUT"", ""unitScaleExpectations"": ""Aligned with derivation logic""}]","[""NO_PER_RECORD_DERIVATION_VERSION_USE_FROZEN_COMMIT"", ""ENTITY_BLOCKED_FIELDS""]","[""mechanism"", ""modifiability"", ""volatility"", ""timeScaleOfChange"", ""onsetCausalLag"", ""persistenceRecovery"", ""measurementAssessmentMethods"", ""observability"", ""evidenceStrength"", ""evidenceNotes"", ""keySources""]",[]
RDS-0004,Cumulative Sleep Deficit,RELATIONAL_DERIVED_STATE,Biological,BIO-F01,0,0,True,,[],[],"[{""alignmentRequirements"": ""Match analytic level, scope, and time window"", ""entityId"": ""BIO-001"", ""externalParameterType"": null, ""required"": true, ""role"": ""CONSTITUENT_OR_INPUT"", ""unitScaleExpectations"": ""Aligned with derivation logic""}, {""alignmentRequirements"": ""Match analytic level, scope, and time window"", ""entityId"": ""BIO-074"", ""externalParameterType"": null, ""required"": true, ""role"": ""CONSTITUENT_OR_INPUT"", ""unitScaleExpectations"": ""Aligned with derivation logic""}, {""alignmentRequirements"": ""Match analytic level, scope, and time window"", ""entityId"": null, ""externalParameterType"": ""ACCUMULATION_RECOVERY_RULE"", ""required"": true, ""role"": ""CONSTITUENT_OR_INPUT"", ""unitScaleExpectations"": ""Aligned with derivation logic""}]","[""NO_PER_RECORD_DERIVATION_VERSION_USE_FROZEN_COMMIT"", ""ENTITY_BLOCKED_FIELDS""]","[""mechanism"", ""modifiability"", ""volatility"", ""timeScaleOfChange"", ""onsetCausalLag"", ""persistenceRecovery"", ""measurementAssessmentMethods"", ""observability"", ""evidenceStrength"", ""evidenceNotes"", ""keySources""]",[]
RDS-0005,Distance-Based Closeness Centrality,RELATIONAL_DERIVED_STATE,Social,SOC-F07,0,0,True,,[],[],"[{""alignmentRequirements"": ""Match analytic level, scope, and time window"", ""entityId"": null, ""externalParameterType"": ""NETWORK_CONFIGURATION"", ""required"": true, ""role"": ""CONSTITUENT_OR_INPUT"", ""unitScaleExpectations"": ""Aligned with derivation logic""}, {""alignmentRequirements"": ""Match analytic level, scope, and time window"", ""entityId"": null, ""externalParameterType"": ""FOCAL_ACTOR"", ""required"": true, ""role"": ""CONSTITUENT_OR_INPUT"", ""unitScaleExpectations"": ""Aligned with derivation logic""}, {""alignmentRequirements"": ""Match analytic level, scope, and time window"", ""entityId"": null, ""externalParameterType"": ""PATH_DISTANCE_MATRIX"", ""required"": true, ""role"": ""CONSTITUENT_OR_INPUT"", ""unitScaleExpectations"": ""Aligned with derivation logic""}]","[""NO_PER_RECORD_DERIVATION_VERSION_USE_FROZEN_COMMIT"", ""ENTITY_BLOCKED_FIELDS""]","[""mechanism"", ""modifiability"", ""volatility"", ""timeScaleOfChange"", ""onsetCausalLag"", ""persistenceRecovery"", ""measurementAssessmentMethods"", ""observability"", ""evidenceStrength"", ""evidenceNotes"", ""keySources""]",[]
RDS-0006,Network Centralization,RELATIONAL_DERIVED_STATE,Social,SOC-F07,0,0,True,,[],[],"[{""alignmentRequirements"": ""Match analytic level, scope, and time window"", ""entityId"": null, ""externalParameterType"": ""NODE_CENTRALITY_DISTRIBUTION"", ""required"": true, ""role"": ""CONSTITUENT_OR_INPUT"", ""unitScaleExpectations"": ""Aligned with derivation logic""}, {""alignmentRequirements"": ""Match analytic level, scope, and time window"", ""entityId"": null, ""externalParameterType"": ""NETWORK_BOUNDARY"", ""required"": true, ""role"": ""CONSTITUENT_OR_INPUT"", ""unitScaleExpectations"": ""Aligned with derivation logic""}, {""alignmentRequirements"": ""Match analytic level, scope, and time window"", ""entityId"": null, ""externalParameterType"": ""BENCHMARK_OR_MAXIMUM"", ""required"": true, ""role"": ""CONSTITUENT_OR_INPUT"", ""unitScaleExpectations"": ""Aligned with derivation logic""}]","[""NO_PER_RECORD_DERIVATION_VERSION_USE_FROZEN_COMMIT"", ""ENTITY_BLOCKED_FIELDS""]","[""mechanism"", ""modifiability"", ""volatility"", ""timeScaleOfChange"", ""onsetCausalLag"", ""persistenceRecovery"", ""measurementAssessmentMethods"", ""observability"", ""evidenceStrength"", ""evidenceNotes"", ""keySources""]",[]
RDS-0007,Network Component Fragmentation,RELATIONAL_DERIVED_STATE,Social,SOC-F07,0,0,True,,[],[],"[{""alignmentRequirements"": ""Match analytic level, scope, and time window"", ""entityId"": null, ""externalParameterType"": ""NETWORK_CONFIGURATION"", ""required"": true, ""role"": ""CONSTITUENT_OR_INPUT"", ""unitScaleExpectations"": ""Aligned with derivation logic""}, {""alignmentRequirements"": ""Match analytic level, scope, and time window"", ""entityId"": null, ""externalParameterType"": ""CONNECTED_COMPONENT_STRUCTURE"", ""required"": true, ""role"": ""CONSTITUENT_OR_INPUT"", ""unitScaleExpectations"": ""Aligned with derivation logic""}]","[""NO_PER_RECORD_DERIVATION_VERSION_USE_FROZEN_COMMIT"", ""ENTITY_BLOCKED_FIELDS""]","[""mechanism"", ""modifiability"", ""volatility"", ""timeScaleOfChange"", ""onsetCausalLag"", ""persistenceRecovery"", ""measurementAssessmentMethods"", ""observability"", ""evidenceStrength"", ""evidenceNotes"", ""keySources""]",[]
SOC-001,Behavioral Prevalence,DRIVER,Social,SOC-F01,7,2,False,High,[],[],[],[],[],[]
SOC-002,Expressed Approval Prevalence,DRIVER,Social,SOC-F01,1,4,False,High,[],[],[],[],[],[]
SOC-003,Norm Consensus,DRIVER,Social,SOC-F01,1,0,False,High,[],[],[],[],[],[]
SOC-004,Norm Change Rate,DRIVER,Social,SOC-F01,0,1,False,High,[],[],[],[],[],[]
SOC-005,Norm Visibility,DRIVER,Social,SOC-F01,0,1,False,High,[],[],[],[],[],[]
SOC-006,Informal Sanction Probability,DRIVER,Social,SOC-F01,3,3,False,High,[],[],[],[],[],[]
SOC-007,Informal Sanction Severity,DRIVER,Social,SOC-F01,0,0,True,High,[],[],[],[],[],[]
SOC-008,Informal Reward Probability,DRIVER,Social,SOC-F01,1,0,False,High,[],[],[],[],[],[]
SOC-009,Majority Signal Size,DRIVER,Social,SOC-F02,1,1,False,High,[],[],[],[],[],[]
SOC-010,Majority Unanimity,DRIVER,Social,SOC-F02,1,1,False,High,[],[],[],[],[],[]
SOC-011,Minority Consistency,DRIVER,Social,SOC-F02,0,1,False,High,[],[],[],[],[],[]
SOC-012,Peer Presence,DRIVER,Social,SOC-F02,0,1,False,High,[],[],[],[],[],[]
SOC-013,Peer Behavior Exposure Frequency,DRIVER,Social,SOC-F02,1,0,False,High,[],[],[],[],[],[]
SOC-014,Social Model Similarity,DRIVER,Social,SOC-F02,0,0,True,High,[],[],[],[],[],[]
SOC-015,Social Model Status,DRIVER,Social,SOC-F02,0,1,False,High,[],[],[],[],[],[]
SOC-016,Interaction Frequency,DRIVER,Social,SOC-F03,2,1,False,Moderate,[],[],[],[],[],[]
SOC-017,Interaction Duration,DRIVER,Social,SOC-F03,0,1,False,Moderate,[],[],[],[],[],[]
SOC-018,Tie Age / Relationship Duration,RELATIONAL_DERIVED_STATE,Social,SOC-F03,0,0,True,Moderate,[],[],"[{""alignmentRequirements"": ""Match analytic level, scope, and time window"", ""entityId"": null, ""externalParameterType"": ""TIE_FORMATION_TIMESTAMP"", ""required"": true, ""role"": ""CONSTITUENT_OR_INPUT"", ""unitScaleExpectations"": ""Aligned with derivation logic""}, {""alignmentRequirements"": ""Match analytic level, scope, and time window"", ""entityId"": null, ""externalParameterType"": ""OBSERVATION_TIMESTAMP"", ""required"": true, ""role"": ""CONSTITUENT_OR_INPUT"", ""unitScaleExpectations"": ""Aligned with derivation logic""}, {""alignmentRequirements"": ""Match analytic level, scope, and time window"", ""entityId"": null, ""externalParameterType"": ""TIE_STATE_RULE"", ""required"": true, ""role"": ""CONSTITUENT_OR_INPUT"", ""unitScaleExpectations"": ""Aligned with derivation logic""}]","[""NO_PER_RECORD_DERIVATION_VERSION_USE_FROZEN_COMMIT""]",[],[]
SOC-019,Relational Closeness,DRIVER,Social,SOC-F03,2,1,False,Moderate,[],[],[],[],[],[]
SOC-020,Tie Reciprocity,DRIVER,Social,SOC-F03,0,0,True,Moderate,[],[],[],[],[],[]
SOC-021,Tie Multiplexity,DRIVER,Social,SOC-F03,0,0,True,Moderate,[],[],[],[],[],[]
SOC-022,Tie Survival Probability,RELATIONAL_DERIVED_STATE,Social,SOC-F03,0,0,True,Moderate,[],[],"[{""alignmentRequirements"": ""Match analytic level, scope, and time window"", ""entityId"": ""SOC-103"", ""externalParameterType"": null, ""required"": true, ""role"": ""CONSTITUENT_OR_INPUT"", ""unitScaleExpectations"": ""Aligned with derivation logic""}, {""alignmentRequirements"": ""Match analytic level, scope, and time window"", ""entityId"": null, ""externalParameterType"": ""BASELINE_ACTIVE_TIE"", ""required"": true, ""role"": ""CONSTITUENT_OR_INPUT"", ""unitScaleExpectations"": ""Aligned with derivation logic""}, {""alignmentRequirements"": ""Match analytic level, scope, and time window"", ""entityId"": null, ""externalParameterType"": ""PREDICTION_HORIZON"", ""required"": true, ""role"": ""CONSTITUENT_OR_INPUT"", ""unitScaleExpectations"": ""Aligned with derivation logic""}, {""alignmentRequirements"": ""Match analytic level, scope, and time window"", ""entityId"": null, ""externalParameterType"": ""TIE_STATE_MODEL"", ""required"": true, ""role"": ""CONSTITUENT_OR_INPUT"", ""unitScaleExpectations"": ""Aligned with derivation logic""}]","[""NO_PER_RECORD_DERIVATION_VERSION_USE_FROZEN_COMMIT""]",[],[]
SOC-023,Negative Interaction Frequency,DRIVER,Social,SOC-F03,0,0,True,Moderate,[],[],[],[],[],[]
SOC-024,Active Personal Network Size,RELATIONAL_DERIVED_STATE,Social,SOC-F04,0,1,False,Moderate,[],[],"[{""alignmentRequirements"": ""Match analytic level, scope, and time window"", ""entityId"": null, ""externalParameterType"": ""NETWORK_CONFIGURATION"", ""required"": true, ""role"": ""CONSTITUENT_OR_INPUT"", ""unitScaleExpectations"": ""Aligned with derivation logic""}, {""alignmentRequirements"": ""Match analytic level, scope, and time window"", ""entityId"": null, ""externalParameterType"": ""NETWORK_BOUNDARY"", ""required"": true, ""role"": ""CONSTITUENT_OR_INPUT"", ""unitScaleExpectations"": ""Aligned with derivation logic""}, {""alignmentRequirements"": ""Match analytic level, scope, and time window"", ""entityId"": null, ""externalParameterType"": ""TIE_DEFINITION"", ""required"": true, ""role"": ""CONSTITUENT_OR_INPUT"", ""unitScaleExpectations"": ""Aligned with derivation logic""}]","[""RDS_CAUSAL_SOURCE_REVIEW"", ""STRUCTURAL_RDS_ROOT_REVIEW_NOT_EXECUTION_VIOLATION"", ""NO_PER_RECORD_DERIVATION_VERSION_USE_FROZEN_COMMIT""]",[],[]
SOC-025,Social Integration Breadth,DRIVER,Social,SOC-F04,0,1,False,Moderate,[],[],[],[],[],[]
SOC-026,Support Provider Availability,DRIVER,Social,SOC-F04,1,2,False,Moderate,[],[],[],[],[],[]
SOC-027,Received Emotional Support,DRIVER,Social,SOC-F04,2,1,False,Moderate,[],[],[],[],[],[]
SOC-028,Received Instrumental Support,DRIVER,Social,SOC-F04,1,0,False,Moderate,[],[],[],[],[],[]
SOC-029,Received Informational Support,DRIVER,Social,SOC-F04,0,0,True,Moderate,[],[],[],[],[],[]
SOC-030,Inclusion Event Frequency,DRIVER,Social,SOC-F04,0,0,True,Moderate,[],[],[],[],[],[]
SOC-031,Ostracism Exposure,DRIVER,Social,SOC-F04,0,2,False,Moderate,[],[],[],[],[],[]
SOC-032,Social Isolation Degree,DRIVER,Social,SOC-F04,2,0,False,Moderate,[],[],[],[],[],[]
SOC-033,Partner Reliability,DRIVER,Social,SOC-F05,0,1,False,Moderate,[],[],[],[],[],[]
SOC-034,Cooperation Prevalence,DRIVER,Social,SOC-F05,8,1,False,Moderate,[],[],[],[],[],[]
SOC-035,Reciprocity Balance,RELATIONAL_DERIVED_STATE,Social,SOC-F05,0,0,True,Moderate,[],[],"[{""alignmentRequirements"": ""Match analytic level, scope, and time window"", ""entityId"": null, ""externalParameterType"": ""FOCAL_TO_PARTNER_RESOURCE_FLOW"", ""required"": true, ""role"": ""CONSTITUENT_OR_INPUT"", ""unitScaleExpectations"": ""Aligned with derivation logic""}, {""alignmentRequirements"": ""Match analytic level, scope, and time window"", ""entityId"": null, ""externalParameterType"": ""PARTNER_TO_FOCAL_RESOURCE_FLOW"", ""required"": true, ""role"": ""CONSTITUENT_OR_INPUT"", ""unitScaleExpectations"": ""Aligned with derivation logic""}]","[""NO_PER_RECORD_DERIVATION_VERSION_USE_FROZEN_COMMIT""]",[],[]
SOC-036,Repeated Interaction Probability,DRIVER,Social,SOC-F05,0,1,False,Moderate,[],[],[],[],[],[]
SOC-037,Mutual Aid Frequency,DRIVER,Social,SOC-F05,0,0,True,Moderate,[],[],[],[],[],[]
SOC-038,Resource-Sharing Rate,DRIVER,Social,SOC-F05,0,0,True,Moderate,[],[],[],[],[],[]
SOC-039,Free-Riding Prevalence,DRIVER,Social,SOC-F05,2,1,False,Moderate,[],[],[],[],[],[]
SOC-040,Status Rank,DRIVER,Social,SOC-F06,0,1,False,Low,[],[],[],[],[],[]
SOC-041,Status Hierarchy Steepness,RELATIONAL_DERIVED_STATE,Social,SOC-F06,1,1,False,Low,[],[],"[{""alignmentRequirements"": ""Match analytic level, scope, and time window"", ""entityId"": null, ""externalParameterType"": ""MEMBER_STATUS_SCORES"", ""required"": true, ""role"": ""CONSTITUENT_OR_INPUT"", ""unitScaleExpectations"": ""Aligned with derivation logic""}, {""alignmentRequirements"": ""Match analytic level, scope, and time window"", ""entityId"": null, ""externalParameterType"": ""GROUP_BOUNDARY"", ""required"": true, ""role"": ""CONSTITUENT_OR_INPUT"", ""unitScaleExpectations"": ""Aligned with derivation logic""}]","[""RDS_CAUSAL_SOURCE_REVIEW"", ""NO_PER_RECORD_DERIVATION_VERSION_USE_FROZEN_COMMIT""]",[],[]
SOC-042,Status Mobility Rate,DRIVER,Social,SOC-F06,0,0,True,Low,[],[],[],[],[],[]
SOC-043,Reputation Valence,DRIVER,Social,SOC-F06,0,0,True,Low,[],[],[],[],[],[]
SOC-044,Reputation Visibility,DRIVER,Social,SOC-F06,1,1,False,Low,[],[],[],[],[],[]
SOC-045,Deference Received,DRIVER,Social,SOC-F06,1,0,False,Low,[],[],[],[],[],[]
SOC-046,Resource Control Asymmetry,RELATIONAL_DERIVED_STATE,Social,SOC-F06,0,0,True,Low,[],[],"[{""alignmentRequirements"": ""Match analytic level, scope, and time window"", ""entityId"": null, ""externalParameterType"": ""A_TO_B_RESOURCE_CONTROL"", ""required"": true, ""role"": ""CONSTITUENT_OR_INPUT"", ""unitScaleExpectations"": ""Aligned with derivation logic""}, {""alignmentRequirements"": ""Match analytic level, scope, and time window"", ""entityId"": null, ""externalParameterType"": ""B_TO_A_RESOURCE_CONTROL"", ""required"": true, ""role"": ""CONSTITUENT_OR_INPUT"", ""unitScaleExpectations"": ""Aligned with derivation logic""}, {""alignmentRequirements"": ""Match analytic level, scope, and time window"", ""entityId"": null, ""externalParameterType"": ""ALTERNATIVES"", ""required"": true, ""role"": ""CONSTITUENT_OR_INPUT"", ""unitScaleExpectations"": ""Aligned with derivation logic""}]","[""NO_PER_RECORD_DERIVATION_VERSION_USE_FROZEN_COMMIT""]",[],[]
SOC-047,Dependence Asymmetry,RELATIONAL_DERIVED_STATE,Social,SOC-F06,0,0,True,Low,[],[],"[{""alignmentRequirements"": ""Match analytic level, scope, and time window"", ""entityId"": null, ""externalParameterType"": ""ACTOR_A_DEPENDENCE_ON_B"", ""required"": true, ""role"": ""CONSTITUENT_OR_INPUT"", ""unitScaleExpectations"": ""Aligned with derivation logic""}, {""alignmentRequirements"": ""Match analytic level, scope, and time window"", ""entityId"": null, ""externalParameterType"": ""ACTOR_B_DEPENDENCE_ON_A"", ""required"": true, ""role"": ""CONSTITUENT_OR_INPUT"", ""unitScaleExpectations"": ""Aligned with derivation logic""}]","[""NO_PER_RECORD_DERIVATION_VERSION_USE_FROZEN_COMMIT""]",[],[]
SOC-048,Informal Authority Strength,DRIVER,Social,SOC-F06,1,2,False,Low,[],[],[],[],[],[]
SOC-049,Degree Centrality,RELATIONAL_DERIVED_STATE,Social,SOC-F07,0,0,True,Low,[],[],"[{""alignmentRequirements"": ""Match analytic level, scope, and time window"", ""entityId"": null, ""externalParameterType"": ""NETWORK_CONFIGURATION"", ""required"": true, ""role"": ""CONSTITUENT_OR_INPUT"", ""unitScaleExpectations"": ""Aligned with derivation logic""}, {""alignmentRequirements"": ""Match analytic level, scope, and time window"", ""entityId"": null, ""externalParameterType"": ""NETWORK_BOUNDARY"", ""required"": true, ""role"": ""CONSTITUENT_OR_INPUT"", ""unitScaleExpectations"": ""Aligned with derivation logic""}, {""alignmentRequirements"": ""Match analytic level, scope, and time window"", ""entityId"": null, ""externalParameterType"": ""TIE_DEFINITION"", ""required"": true, ""role"": ""CONSTITUENT_OR_INPUT"", ""unitScaleExpectations"": ""Aligned with derivation logic""}]","[""NO_PER_RECORD_DERIVATION_VERSION_USE_FROZEN_COMMIT""]",[],[]
SOC-050,Betweenness Centrality,RELATIONAL_DERIVED_STATE,Social,SOC-F07,0,0,True,Low,[],[],"[{""alignmentRequirements"": ""Match analytic level, scope, and time window"", ""entityId"": null, ""externalParameterType"": ""NETWORK_CONFIGURATION"", ""required"": true, ""role"": ""CONSTITUENT_OR_INPUT"", ""unitScaleExpectations"": ""Aligned with derivation logic""}, {""alignmentRequirements"": ""Match analytic level, scope, and time window"", ""entityId"": null, ""externalParameterType"": ""NETWORK_BOUNDARY"", ""required"": true, ""role"": ""CONSTITUENT_OR_INPUT"", ""unitScaleExpectations"": ""Aligned with derivation logic""}, {""alignmentRequirements"": ""Match analytic level, scope, and time window"", ""entityId"": null, ""externalParameterType"": ""TIE_DEFINITION"", ""required"": true, ""role"": ""CONSTITUENT_OR_INPUT"", ""unitScaleExpectations"": ""Aligned with derivation logic""}]","[""NO_PER_RECORD_DERIVATION_VERSION_USE_FROZEN_COMMIT""]",[],[]
SOC-051,Eigenvector Centrality,RELATIONAL_DERIVED_STATE,Social,SOC-F07,0,0,True,Low,[],[],"[{""alignmentRequirements"": ""Match analytic level, scope, and time window"", ""entityId"": null, ""externalParameterType"": ""NETWORK_CONFIGURATION"", ""required"": true, ""role"": ""CONSTITUENT_OR_INPUT"", ""unitScaleExpectations"": ""Aligned with derivation logic""}, {""alignmentRequirements"": ""Match analytic level, scope, and time window"", ""entityId"": null, ""externalParameterType"": ""NETWORK_BOUNDARY"", ""required"": true, ""role"": ""CONSTITUENT_OR_INPUT"", ""unitScaleExpectations"": ""Aligned with derivation logic""}, {""alignmentRequirements"": ""Match analytic level, scope, and time window"", ""entityId"": null, ""externalParameterType"": ""TIE_DEFINITION"", ""required"": true, ""role"": ""CONSTITUENT_OR_INPUT"", ""unitScaleExpectations"": ""Aligned with derivation logic""}]","[""NO_PER_RECORD_DERIVATION_VERSION_USE_FROZEN_COMMIT""]",[],[]
SOC-052,Network Density,RELATIONAL_DERIVED_STATE,Social,SOC-F07,0,1,False,Low,[],[],"[{""alignmentRequirements"": ""Match analytic level, scope, and time window"", ""entityId"": null, ""externalParameterType"": ""NETWORK_CONFIGURATION"", ""required"": true, ""role"": ""CONSTITUENT_OR_INPUT"", ""unitScaleExpectations"": ""Aligned with derivation logic""}, {""alignmentRequirements"": ""Match analytic level, scope, and time window"", ""entityId"": null, ""externalParameterType"": ""NETWORK_BOUNDARY"", ""required"": true, ""role"": ""CONSTITUENT_OR_INPUT"", ""unitScaleExpectations"": ""Aligned with derivation logic""}, {""alignmentRequirements"": ""Match analytic level, scope, and time window"", ""entityId"": null, ""externalParameterType"": ""TIE_DEFINITION"", ""required"": true, ""role"": ""CONSTITUENT_OR_INPUT"", ""unitScaleExpectations"": ""Aligned with derivation logic""}]","[""RDS_CAUSAL_SOURCE_REVIEW"", ""STRUCTURAL_RDS_ROOT_REVIEW_NOT_EXECUTION_VIOLATION"", ""NO_PER_RECORD_DERIVATION_VERSION_USE_FROZEN_COMMIT""]",[],[]
SOC-053,Local Clustering,RELATIONAL_DERIVED_STATE,Social,SOC-F07,1,1,False,Low,[],[],"[{""alignmentRequirements"": ""Match analytic level, scope, and time window"", ""entityId"": null, ""externalParameterType"": ""NETWORK_CONFIGURATION"", ""required"": true, ""role"": ""CONSTITUENT_OR_INPUT"", ""unitScaleExpectations"": ""Aligned with derivation logic""}, {""alignmentRequirements"": ""Match analytic level, scope, and time window"", ""entityId"": null, ""externalParameterType"": ""NETWORK_BOUNDARY"", ""required"": true, ""role"": ""CONSTITUENT_OR_INPUT"", ""unitScaleExpectations"": ""Aligned with derivation logic""}, {""alignmentRequirements"": ""Match analytic level, scope, and time window"", ""entityId"": null, ""externalParameterType"": ""TIE_DEFINITION"", ""required"": true, ""role"": ""CONSTITUENT_OR_INPUT"", ""unitScaleExpectations"": ""Aligned with derivation logic""}]","[""RDS_CAUSAL_SOURCE_REVIEW"", ""NO_PER_RECORD_DERIVATION_VERSION_USE_FROZEN_COMMIT""]",[],[]
SOC-054,Network Assortativity,RELATIONAL_DERIVED_STATE,Social,SOC-F07,0,1,False,Low,[],[],"[{""alignmentRequirements"": ""Match analytic level, scope, and time window"", ""entityId"": null, ""externalParameterType"": ""NETWORK_CONFIGURATION"", ""required"": true, ""role"": ""CONSTITUENT_OR_INPUT"", ""unitScaleExpectations"": ""Aligned with derivation logic""}, {""alignmentRequirements"": ""Match analytic level, scope, and time window"", ""entityId"": null, ""externalParameterType"": ""NETWORK_BOUNDARY"", ""required"": true, ""role"": ""CONSTITUENT_OR_INPUT"", ""unitScaleExpectations"": ""Aligned with derivation logic""}, {""alignmentRequirements"": ""Match analytic level, scope, and time window"", ""entityId"": null, ""externalParameterType"": ""TIE_DEFINITION"", ""required"": true, ""role"": ""CONSTITUENT_OR_INPUT"", ""unitScaleExpectations"": ""Aligned with derivation logic""}]","[""RDS_CAUSAL_SOURCE_REVIEW"", ""STRUCTURAL_RDS_ROOT_REVIEW_NOT_EXECUTION_VIOLATION"", ""NO_PER_RECORD_DERIVATION_VERSION_USE_FROZEN_COMMIT""]",[],[]
SOC-055,Structural Constraint,RELATIONAL_DERIVED_STATE,Social,SOC-F07,0,1,False,Low,[],[],"[{""alignmentRequirements"": ""Match analytic level, scope, and time window"", ""entityId"": null, ""externalParameterType"": ""NETWORK_CONFIGURATION"", ""required"": true, ""role"": ""CONSTITUENT_OR_INPUT"", ""unitScaleExpectations"": ""Aligned with derivation logic""}, {""alignmentRequirements"": ""Match analytic level, scope, and time window"", ""entityId"": null, ""externalParameterType"": ""NETWORK_BOUNDARY"", ""required"": true, ""role"": ""CONSTITUENT_OR_INPUT"", ""unitScaleExpectations"": ""Aligned with derivation logic""}, {""alignmentRequirements"": ""Match analytic level, scope, and time window"", ""entityId"": null, ""externalParameterType"": ""TIE_DEFINITION"", ""required"": true, ""role"": ""CONSTITUENT_OR_INPUT"", ""unitScaleExpectations"": ""Aligned with derivation logic""}]","[""RDS_CAUSAL_SOURCE_REVIEW"", ""STRUCTURAL_RDS_ROOT_REVIEW_NOT_EXECUTION_VIOLATION"", ""NO_PER_RECORD_DERIVATION_VERSION_USE_FROZEN_COMMIT""]",[],[]
SOC-056,Cross-Cluster Tie Prevalence,RELATIONAL_DERIVED_STATE,Social,SOC-F07,1,1,False,Low,[],[],"[{""alignmentRequirements"": ""Match analytic level, scope, and time window"", ""entityId"": null, ""externalParameterType"": ""NETWORK_CONFIGURATION"", ""required"": true, ""role"": ""CONSTITUENT_OR_INPUT"", ""unitScaleExpectations"": ""Aligned with derivation logic""}, {""alignmentRequirements"": ""Match analytic level, scope, and time window"", ""entityId"": null, ""externalParameterType"": ""NETWORK_BOUNDARY"", ""required"": true, ""role"": ""CONSTITUENT_OR_INPUT"", ""unitScaleExpectations"": ""Aligned with derivation logic""}, {""alignmentRequirements"": ""Match analytic level, scope, and time window"", ""entityId"": null, ""externalParameterType"": ""TIE_DEFINITION"", ""required"": true, ""role"": ""CONSTITUENT_OR_INPUT"", ""unitScaleExpectations"": ""Aligned with derivation logic""}]","[""RDS_CAUSAL_SOURCE_REVIEW"", ""NO_PER_RECORD_DERIVATION_VERSION_USE_FROZEN_COMMIT""]",[],[]
SOC-057,Network Segregation,RELATIONAL_DERIVED_STATE,Social,SOC-F07,4,0,False,Low,[],[],"[{""alignmentRequirements"": ""Match analytic level, scope, and time window"", ""entityId"": null, ""externalParameterType"": ""NETWORK_CONFIGURATION"", ""required"": true, ""role"": ""CONSTITUENT_OR_INPUT"", ""unitScaleExpectations"": ""Aligned with derivation logic""}, {""alignmentRequirements"": ""Match analytic level, scope, and time window"", ""entityId"": null, ""externalParameterType"": ""NETWORK_BOUNDARY"", ""required"": true, ""role"": ""CONSTITUENT_OR_INPUT"", ""unitScaleExpectations"": ""Aligned with derivation logic""}, {""alignmentRequirements"": ""Match analytic level, scope, and time window"", ""entityId"": null, ""externalParameterType"": ""TIE_DEFINITION"", ""required"": true, ""role"": ""CONSTITUENT_OR_INPUT"", ""unitScaleExpectations"": ""Aligned with derivation logic""}]","[""NO_PER_RECORD_DERIVATION_VERSION_USE_FROZEN_COMMIT""]",[],[]
SOC-058,Network Exposure Proportion,DRIVER,Social,SOC-F08,0,1,False,High,[],[],[],[],[],[]
SOC-059,Exposure Frequency,DRIVER,Social,SOC-F08,0,0,True,High,[],[],[],[],[],[]
SOC-060,Independent Exposure Source Count,DRIVER,Social,SOC-F08,0,0,True,High,[],[],[],[],[],[]
SOC-061,Social Reinforcement Multiplicity,DRIVER,Social,SOC-F08,2,0,False,High,[],[],[],[],[],[]
SOC-062,Influential-Referent Exposure,DRIVER,Social,SOC-F08,1,1,False,High,[],[],[],[],[],[]
SOC-063,Cross-Cluster Exposure,DRIVER,Social,SOC-F08,0,0,True,High,[],[],[],[],[],[]
SOC-064,Group Size,DRIVER,Social,SOC-F09,0,2,False,Moderate,[],[],[],[],[],[]
SOC-065,Group Cohesion,DRIVER,Social,SOC-F09,2,0,False,Moderate,[],[],[],[],[],[]
SOC-066,Member Turnover Rate,DRIVER,Social,SOC-F09,0,1,False,Moderate,[],[],[],[],[],[]
SOC-067,Role Differentiation,DRIVER,Social,SOC-F09,0,0,True,Moderate,[],[],[],[],[],[]
SOC-068,Opinion Diversity,DRIVER,Social,SOC-F09,1,1,False,Moderate,[],[],[],[],[],[]
SOC-069,Dissent Availability,DRIVER,Social,SOC-F09,4,1,False,Moderate,[],[],[],[],[],[]
SOC-070,Communication Participation Equality,DRIVER,Social,SOC-F09,4,2,False,Moderate,[],[],[],[],[],[]
SOC-071,Shared Information Coverage,DRIVER,Social,SOC-F09,2,0,False,Moderate,[],[],[],[],[],[]
SOC-072,Subgroup Fractionalization,DRIVER,Social,SOC-F09,0,1,False,Moderate,[],[],[],[],[],[]
SOC-073,Task Interdependence,DRIVER,Social,SOC-F10,0,0,True,Moderate,[],[],[],[],[],[]
SOC-074,Goal Alignment,RELATIONAL_DERIVED_STATE,Social,SOC-F10,1,1,False,Moderate,[],[],"[{""alignmentRequirements"": ""Match analytic level, scope, and time window"", ""entityId"": null, ""externalParameterType"": ""MEMBER_GOAL_PROFILES"", ""required"": true, ""role"": ""CONSTITUENT_OR_INPUT"", ""unitScaleExpectations"": ""Aligned with derivation logic""}, {""alignmentRequirements"": ""Match analytic level, scope, and time window"", ""entityId"": null, ""externalParameterType"": ""COLLECTIVE_EPISODE"", ""required"": true, ""role"": ""CONSTITUENT_OR_INPUT"", ""unitScaleExpectations"": ""Aligned with derivation logic""}]","[""RDS_CAUSAL_SOURCE_REVIEW"", ""NO_PER_RECORD_DERIVATION_VERSION_USE_FROZEN_COMMIT""]",[],[]
SOC-075,Common Knowledge Degree,DRIVER,Social,SOC-F10,0,1,False,Moderate,[],[],[],[],[],[]
SOC-076,Mutual Expectation Alignment,RELATIONAL_DERIVED_STATE,Social,SOC-F10,2,1,False,Moderate,[],[],"[{""alignmentRequirements"": ""Match analytic level, scope, and time window"", ""entityId"": null, ""externalParameterType"": ""ACTOR_EXPECTATION_PROFILES"", ""required"": true, ""role"": ""CONSTITUENT_OR_INPUT"", ""unitScaleExpectations"": ""Aligned with derivation logic""}]","[""RDS_CAUSAL_SOURCE_REVIEW"", ""NO_PER_RECORD_DERIVATION_VERSION_USE_FROZEN_COMMIT""]",[],[]
SOC-077,Collective Efficacy,DRIVER,Social,SOC-F10,1,2,False,Moderate,[],[],[],[],[],[]
SOC-078,Role Clarity,DRIVER,Social,SOC-F10,0,1,False,Moderate,[],[],[],[],[],[]
SOC-079,Contribution Identifiability,DRIVER,Social,SOC-F10,1,1,False,Moderate,[],[],[],[],[],[]
SOC-080,Responsibility Concentration,DRIVER,Social,SOC-F10,3,0,False,Moderate,[],[],[],[],[],[]
SOC-081,Peer Accountability Intensity,DRIVER,Social,SOC-F10,1,0,False,Moderate,[],[],[],[],[],[]
SOC-082,Audience Presence,DRIVER,Social,SOC-F11,0,1,False,Very High,[],[],[],[],[],[]
SOC-083,Audience Size,DRIVER,Social,SOC-F11,0,1,False,Very High,[],[],[],[],[],[]
SOC-084,Actor Identifiability,DRIVER,Social,SOC-F11,1,1,False,Very High,[],[],[],[],[],[]
SOC-085,Action Publicness,DRIVER,Social,SOC-F11,1,1,False,Very High,[],[],[],[],[],[]
SOC-086,Evaluation Exposure,DRIVER,Social,SOC-F11,0,0,True,Very High,[],[],[],[],[],[]
SOC-087,Peer Monitoring Intensity,DRIVER,Social,SOC-F11,1,1,False,Very High,[],[],[],[],[],[]
SOC-088,Intergroup Contact Frequency,DRIVER,Social,SOC-F12,0,1,False,Low,[],[],[],[],[],[]
SOC-089,Intergroup Contact Quality,DRIVER,Social,SOC-F12,2,2,False,Low,[],[],[],[],[],[]
SOC-090,Member-Level Cross-Group Friendship Prevalence,RELATIONAL_DERIVED_STATE,Social,SOC-F12,2,0,False,Low,[],[],"[{""alignmentRequirements"": ""Match analytic level, scope, and time window"", ""entityId"": null, ""externalParameterType"": ""NETWORK_CONFIGURATION"", ""required"": true, ""role"": ""CONSTITUENT_OR_INPUT"", ""unitScaleExpectations"": ""Aligned with derivation logic""}, {""alignmentRequirements"": ""Match analytic level, scope, and time window"", ""entityId"": null, ""externalParameterType"": ""NETWORK_BOUNDARY"", ""required"": true, ""role"": ""CONSTITUENT_OR_INPUT"", ""unitScaleExpectations"": ""Aligned with derivation logic""}, {""alignmentRequirements"": ""Match analytic level, scope, and time window"", ""entityId"": null, ""externalParameterType"": ""TIE_DEFINITION"", ""required"": true, ""role"": ""CONSTITUENT_OR_INPUT"", ""unitScaleExpectations"": ""Aligned with derivation logic""}]","[""NO_PER_RECORD_DERIVATION_VERSION_USE_FROZEN_COMMIT""]",[],[]
SOC-091,Intergroup Cooperation,DRIVER,Social,SOC-F12,1,0,False,Low,[],[],[],[],[],[]
SOC-092,Intergroup Competition Intensity,DRIVER,Social,SOC-F12,0,1,False,Low,[],[],[],[],[],[]
SOC-093,Intergroup Resource Interdependence,DRIVER,Social,SOC-F12,0,1,False,Low,[],[],[],[],[],[]
SOC-094,Boundary Permeability,DRIVER,Social,SOC-F12,0,1,False,Low,[],[],[],[],[],[]
SOC-095,Cross-Group Tie Density,DRIVER,Social,SOC-F12,2,0,False,Low,[],[],[],[],[],[]
SOC-096,Intergroup Status Inequality,RELATIONAL_DERIVED_STATE,Social,SOC-F12,1,2,False,Low,[],[],"[{""alignmentRequirements"": ""Match analytic level, scope, and time window"", ""entityId"": null, ""externalParameterType"": ""GROUP_A_STATUS"", ""required"": true, ""role"": ""CONSTITUENT_OR_INPUT"", ""unitScaleExpectations"": ""Aligned with derivation logic""}, {""alignmentRequirements"": ""Match analytic level, scope, and time window"", ""entityId"": null, ""externalParameterType"": ""GROUP_B_STATUS"", ""required"": true, ""role"": ""CONSTITUENT_OR_INPUT"", ""unitScaleExpectations"": ""Aligned with derivation logic""}, {""alignmentRequirements"": ""Match analytic level, scope, and time window"", ""entityId"": null, ""externalParameterType"": ""COMMON_SOCIAL_FIELD"", ""required"": true, ""role"": ""CONSTITUENT_OR_INPUT"", ""unitScaleExpectations"": ""Aligned with derivation logic""}]","[""RDS_CAUSAL_SOURCE_REVIEW"", ""NO_PER_RECORD_DERIVATION_VERSION_USE_FROZEN_COMMIT""]",[],[]
SOC-097,Cross-Cutting Membership Prevalence,DRIVER,Social,SOC-F12,0,1,False,Low,[],[],[],[],[],[]
SOC-098,Intergroup Hostility Prevalence,DRIVER,Social,SOC-F12,0,0,True,Moderate,[],[],[],[],[],[]
SOC-099,Collective-Action Participation Threshold Distribution,DRIVER,Social,SOC-F10,0,0,True,Moderate,[],[],[],[],[],[]
SOC-100,Unverified-Claim Retransmission Rate,DRIVER,Social,SOC-F08,0,0,True,Moderate,[],[],[],[],[],[]
SOC-101,Social Tie Formation Rate,DRIVER,Social,SOC-F03,0,0,True,,[],[],[],"[""ENTITY_BLOCKED_FIELDS""]","[""mechanism"", ""modifiability"", ""volatility"", ""timeScaleOfChange"", ""onsetCausalLag"", ""persistenceRecovery"", ""measurementAssessmentMethods"", ""observability"", ""evidenceStrength"", ""evidenceNotes"", ""keySources""]",[]
SOC-102,Triadic Closure Rate,DRIVER,Social,SOC-F07,0,0,True,,[],[],[],"[""ENTITY_BLOCKED_FIELDS""]","[""mechanism"", ""modifiability"", ""volatility"", ""timeScaleOfChange"", ""onsetCausalLag"", ""persistenceRecovery"", ""measurementAssessmentMethods"", ""observability"", ""evidenceStrength"", ""evidenceNotes"", ""keySources""]",[]
SOC-103,Tie Dissolution Rate,DRIVER,Social,SOC-F03,0,0,True,,[],[],[],"[""ENTITY_BLOCKED_FIELDS""]","[""mechanism"", ""modifiability"", ""volatility"", ""timeScaleOfChange"", ""onsetCausalLag"", ""persistenceRecovery"", ""measurementAssessmentMethods"", ""observability"", ""evidenceStrength"", ""evidenceNotes"", ""keySources""]",[]
TEC-001,Assistive-Technology Compatibility,DRIVER,Technological,TEC-F01,0,1,False,Moderate,[],[],[],[],[],[]
TEC-002,Compatible Device Availability,DRIVER,Technological,TEC-F01,1,0,False,Moderate,[],[],[],[],[],[]
TEC-003,Connection Bandwidth,DRIVER,Technological,TEC-F01,0,1,False,Moderate,[],[],[],[],[],[]
TEC-004,Data Interoperability,DRIVER,Technological,TEC-F01,0,1,False,Moderate,[],[],[],[],[],[]
TEC-005,Device and Platform Compatibility,DRIVER,Technological,TEC-F01,1,0,False,Moderate,[],[],[],[],[],[]
TEC-006,Functional Reliability,DRIVER,Technological,TEC-F01,1,0,False,Moderate,[],[],[],[],[],[]
TEC-007,Mobile Access Continuity,DRIVER,Technological,TEC-F01,1,0,False,Moderate,[],[],[],[],[],[]
TEC-008,Network Connectivity Availability,DRIVER,Technological,TEC-F01,1,1,False,Moderate,[],[],[],[],[],[]
TEC-009,Network Latency,DRIVER,Technological,TEC-F01,1,0,False,Moderate,[],[],[],[],[],[]
TEC-010,Offline Functionality,DRIVER,Technological,TEC-F01,0,1,False,Moderate,[],[],[],[],[],[]
TEC-011,System Availability,DRIVER,Technological,TEC-F01,0,1,False,Moderate,[],[],[],[],[],[]
TEC-012,Active-Choice Requirement,DRIVER,Technological,TEC-F02,0,0,True,Very High,[],[],[],[],[],[]
TEC-013,Interface Default-State Configuration,DRIVER,Technological,TEC-F02,0,1,False,Very High,[],[],[],[],[],[]
TEC-014,Interface Disclosure Placement,DRIVER,Technological,TEC-F02,0,1,False,Very High,[],[],[],[],[],[]
TEC-015,Interface Disclosure Timing,DRIVER,Technological,TEC-F02,1,0,False,Very High,[],[],[],[],[],[]
TEC-016,Interface Interaction Friction,DRIVER,Technological,TEC-F02,2,0,False,Very High,[],[],[],[],[],[]
TEC-017,Interface Option Ordering,DRIVER,Technological,TEC-F02,0,1,False,Very High,[],[],[],[],[],[]
TEC-018,Interface Task Complexity,DRIVER,Technological,TEC-F02,0,1,False,Very High,[],[],[],[],[],[]
TEC-019,Interface Visual Prominence,DRIVER,Technological,TEC-F02,1,0,False,Very High,[],[],[],[],[],[]
TEC-020,Automated Prompt Scheduling,DRIVER,Technological,TEC-F03,1,0,False,Very High,[],[],[],[],[],[]
TEC-021,Automatic Continuation,DRIVER,Technological,TEC-F03,0,1,False,Very High,[],[],[],[],[],[]
TEC-022,Context-Sensitive Notification Timing,DRIVER,Technological,TEC-F03,1,1,False,Very High,[],[],[],[],[],[]
TEC-023,Feed Continuity,DRIVER,Technological,TEC-F03,0,1,False,Very High,[],[],[],[],[],[]
TEC-024,Interruption Modality Intensity,DRIVER,Technological,TEC-F03,1,0,False,Very High,[],[],[],[],[],[]
TEC-025,Push-Notification Enablement,DRIVER,Technological,TEC-F03,0,1,False,Very High,[],[],[],[],[],[]
TEC-026,Stopping-Cue Availability,DRIVER,Technological,TEC-F03,2,0,False,Very High,[],[],[],[],[],[]
TEC-027,Adaptive Delivery Personalization,DRIVER,Technological,TEC-F04,1,0,False,High,[],[],[],[],[],[]
TEC-028,Algorithmic Amplification Intensity,DRIVER,Technological,TEC-F04,1,1,False,High,[],[],[],[],[],[]
TEC-029,Algorithmic Filtering Restrictiveness,DRIVER,Technological,TEC-F04,2,1,False,High,[],[],[],[],[],[]
TEC-030,Algorithmic Ranking Weight,DRIVER,Technological,TEC-F04,0,1,False,High,[],[],[],[],[],[]
TEC-031,Just-in-Time Adaptation Responsiveness,DRIVER,Technological,TEC-F04,0,1,False,High,[],[],[],[],[],[]
TEC-032,Personalization Update Sensitivity,DRIVER,Technological,TEC-F04,0,1,False,High,[],[],[],[],[],[]
TEC-033,Recommendation Personalization Intensity,DRIVER,Technological,TEC-F04,0,2,False,High,[],[],[],[],[],[]
TEC-034,Alarm False-Positive Rate,DRIVER,Technological,TEC-F05,0,1,False,Moderate,[],[],[],[],[],[]
TEC-035,Automated Recommendation Availability,DRIVER,Technological,TEC-F05,0,1,False,Moderate,[],[],[],[],[],[]
TEC-036,Automation Level,DRIVER,Technological,TEC-F05,0,0,True,Moderate,[],[],[],[],[],[]
TEC-037,Decision-Aid Reliability,DRIVER,Technological,TEC-F05,1,1,False,Moderate,[],[],[],[],[],[]
TEC-038,Explanation Interface Availability,DRIVER,Technological,TEC-F06,0,1,False,High,[],[],[],[],[],[]
TEC-039,Human Approval-Gate Configurability,DRIVER,Technological,TEC-F06,1,1,False,High,[],[],[],[],[],[]
TEC-040,Human Override Availability,DRIVER,Technological,TEC-F06,2,1,False,High,[],[],[],[],[],[]
TEC-041,Human–AI Interaction-Pattern Flexibility,DRIVER,Technological,TEC-F06,0,1,False,High,[],[],[],[],[],[]
TEC-042,Machine-Confidence Display Availability,DRIVER,Technological,TEC-F06,1,0,False,High,[],[],[],[],[],[]
TEC-043,Machine-Uncertainty Display Granularity,DRIVER,Technological,TEC-F06,0,2,False,High,[],[],[],[],[],[]
TEC-044,Recommendation Verifiability Support,DRIVER,Technological,TEC-F06,2,0,False,High,[],[],[],[],[],[]
TEC-045,Content Editability Affordance,DRIVER,Technological,TEC-F07,0,0,True,Moderate,[],[],[],[],[],[]
TEC-046,Content Persistence Affordance,DRIVER,Technological,TEC-F07,0,1,False,Moderate,[],[],[],[],[],[]
TEC-047,Content Replication Affordance,DRIVER,Technological,TEC-F07,0,1,False,Moderate,[],[],[],[],[],[]
TEC-048,Dissemination Reach Scaling,DRIVER,Technological,TEC-F07,1,2,False,Moderate,[],[],[],[],[],[]
TEC-049,Identity Disclosure Level,DRIVER,Technological,TEC-F07,0,2,False,Moderate,[],[],[],[],[],[]
TEC-050,Platform Searchability Affordance,DRIVER,Technological,TEC-F07,1,0,False,Moderate,[],[],[],[],[],[]
TEC-051,User Association Affordance,DRIVER,Technological,TEC-F07,0,0,True,Moderate,[],[],[],[],[],[]
TEC-052,User-Activity Visibility Affordance,DRIVER,Technological,TEC-F07,1,1,False,Moderate,[],[],[],[],[],[]
TEC-053,Badge and Achievement Signaling,DRIVER,Technological,TEC-F08,0,0,True,High,[],[],[],[],[],[]
TEC-054,Continuity Counter Visibility,DRIVER,Technological,TEC-F08,1,0,False,High,[],[],[],[],[],[]
TEC-055,Digital Point-Reward Availability,DRIVER,Technological,TEC-F08,1,0,False,High,[],[],[],[],[],[]
TEC-056,Digital Reward Schedule Density,DRIVER,Technological,TEC-F08,0,1,False,High,[],[],[],[],[],[]
TEC-057,Leaderboard Visibility,DRIVER,Technological,TEC-F08,0,0,True,High,[],[],[],[],[],[]
TEC-058,Popularity Metric Visibility,DRIVER,Technological,TEC-F08,1,1,False,High,[],[],[],[],[],[]
TEC-059,Progress Visualization Availability,DRIVER,Technological,TEC-F08,0,1,False,High,[],[],[],[],[],[]
TEC-060,Reaction Affordance Availability,DRIVER,Technological,TEC-F08,0,1,False,High,[],[],[],[],[],[]
TEC-061,Automated Performance-Feedback Capability,DRIVER,Technological,TEC-F09,2,1,False,Moderate,[],[],[],[],[],[]
TEC-062,Behavioral-Tracking User Visibility,DRIVER,Technological,TEC-F09,0,2,False,Moderate,[],[],[],[],[],[]
TEC-063,Event-Log Traceability,DRIVER,Technological,TEC-F09,0,1,False,Moderate,[],[],[],[],[],[]
TEC-064,Self-Monitoring Capability,DRIVER,Technological,TEC-F09,0,1,False,Moderate,[],[],[],[],[],[]
TEC-065,Third-Party Behavioral Observability,DRIVER,Technological,TEC-F09,1,1,False,Moderate,[],[],[],[],[],[]
TEC-066,AI Affective Responsiveness,DRIVER,Technological,TEC-F10,0,1,False,High,[],[],[],[],[],[]
TEC-067,AI Identity Consistency,DRIVER,Technological,TEC-F10,1,0,False,High,[],[],[],[],[],[]
TEC-068,Anthropomorphic Interface-Cue Intensity,DRIVER,Technological,TEC-F10,0,1,False,High,[],[],[],[],[],[]
TEC-069,Conversational Reciprocity Capability,DRIVER,Technological,TEC-F10,2,0,False,High,[],[],[],[],[],[]
TEC-070,Persistent AI Memory Capacity,DRIVER,Technological,TEC-F10,0,1,False,High,[],[],[],[],[],[]
TEC-071,Avatar Self-Representation Configuration,DRIVER,Technological,TEC-F11,1,0,False,Moderate,[],[],[],[],[],[]
TEC-072,Avatar Sensorimotor Coupling,DRIVER,Technological,TEC-F11,0,1,False,Moderate,[],[],[],[],[],[]
TEC-073,Display Immersion Capability,DRIVER,Technological,TEC-F11,2,0,False,Moderate,[],[],[],[],[],[]
TEC-074,Remote Interaction Synchrony,DRIVER,Technological,TEC-F11,0,1,False,Moderate,[],[],[],[],[],[]
TEC-075,Representational Realism,DRIVER,Technological,TEC-F11,1,0,False,Moderate,[],[],[],[],[],[]
TEC-076,Sensory Modality Count,DRIVER,Technological,TEC-F11,0,1,False,Moderate,[],[],[],[],[],[]
TEC-077,Sensory Presentation Fidelity,DRIVER,Technological,TEC-F11,0,1,False,Moderate,[],[],[],[],[],[]
TEC-078,Access-Control Restrictiveness,DRIVER,Technological,TEC-F12,0,1,False,Moderate,[],[],[],[],[],[]
TEC-079,Authentication Friction,DRIVER,Technological,TEC-F12,2,1,False,Moderate,[],[],[],[],[],[]
TEC-080,Data-Collection Scope,DRIVER,Technological,TEC-F12,1,1,False,Moderate,[],[],[],[],[],[]
TEC-081,Identity-Verification Strength,DRIVER,Technological,TEC-F12,0,1,False,Moderate,[],[],[],[],[],[]
TEC-082,Privacy-Control Granularity,DRIVER,Technological,TEC-F12,1,1,False,Moderate,[],[],[],[],[],[]
TEC-083,Technical Data-Retention Duration,DRIVER,Technological,TEC-F12,1,0,False,Moderate,[],[],[],[],[],[]
TEC-084,Automated Content-Generation Scale,DRIVER,Technological,TEC-F13,1,1,False,Moderate,[],[],[],[],[],[]
TEC-085,Autonomous Action Scope,DRIVER,Technological,TEC-F13,1,1,False,Moderate,[],[],[],[],[],[]
TEC-086,Content-Provenance Signaling Capability,DRIVER,Technological,TEC-F13,2,1,False,Moderate,[],[],[],[],[],[]
TEC-087,External Tool-Use Permission,DRIVER,Technological,TEC-F13,0,1,False,Moderate,[],[],[],[],[],[]
TEC-088,Synthetic-Content Generation Capability,DRIVER,Technological,TEC-F13,0,1,False,Moderate,[],[],[],[],[],[]
TEC-089,Synthetic-Media Fidelity,DRIVER,Technological,TEC-F13,0,2,False,Moderate,[],[],[],[],[],[]
TEC-090,System Compromise Severity,DRIVER,Technological,TEC-F12,0,0,True,Moderate,[],[],[],[],[],[]
TEC-091,Algorithmic Bias Magnitude,DRIVER,Technological,TEC-F04,0,0,True,Moderate,[],[],[],[],[],[]
TEC-092,Automation Calibration Quality,DRIVER,Technological,TEC-F05,0,0,True,Moderate,[],[],[],[],[],[]
TEC-093,Content-Moderation Technical Enforcement Capacity,DRIVER,Technological,TEC-F07,0,0,True,Moderate,[],[],[],[],[],[]
TEC-094,Communication Confidentiality,DRIVER,Technological,TEC-F12,0,0,True,Moderate,[],[],[],[],[],[]
TEC-095,Technical Single-Point-of-Failure Concentration,DRIVER,Technological,TEC-F01,0,0,True,Moderate,[],[],[],[],[],[]
TEC-096,Coordinated Inauthentic Account Operation Capacity,DRIVER,Technological,TEC-F13,0,0,True,Moderate,[],[],[],[],[],[]
TEC-097,Presented Choice-Set Size,DRIVER,Technological,TEC-F02,0,0,True,,[],[],[],"[""ENTITY_BLOCKED_FIELDS""]","[""mechanism"", ""modifiability"", ""volatility"", ""timeScaleOfChange"", ""onsetCausalLag"", ""persistenceRecovery"", ""measurementAssessmentMethods"", ""observability"", ""evidenceStrength"", ""evidenceNotes"", ""keySources""]",[]
TEC-098,Interface Option Grouping Configuration,DRIVER,Technological,TEC-F02,0,0,True,,[],[],[],"[""ENTITY_BLOCKED_FIELDS""]","[""mechanism"", ""modifiability"", ""volatility"", ""timeScaleOfChange"", ""onsetCausalLag"", ""persistenceRecovery"", ""measurementAssessmentMethods"", ""observability"", ""evidenceStrength"", ""evidenceNotes"", ""keySources""]",[]
TEC-099,System-Gated Interaction Delay,DRIVER,Technological,TEC-F03,0,0,True,,[],[],[],"[""ENTITY_BLOCKED_FIELDS""]","[""mechanism"", ""modifiability"", ""volatility"", ""timeScaleOfChange"", ""onsetCausalLag"", ""persistenceRecovery"", ""measurementAssessmentMethods"", ""observability"", ""evidenceStrength"", ""evidenceNotes"", ""keySources""]",[]
